:040000006FC0D03EBF
:10000400B71402409305E0408CC483A20400370374
:100014000001B3E2620023A0540083A30400370E5E
:100024000002B3F3C301E38A03FE83AE8400370FF7
:100034000080B3EEEE0123A4D401894F23A2F4017E
:1000440003A94400A14933793901E30B09FE1705DB
:10005400EFDF1305A50A9705FFFF9385A5FA17D6C9
:10006400FFFF130666A963FAC5008322050023A0D7
:10007400550011059105E3EAC5FE17D5EFDF130519
:1000840025C097D5FFFF938525A717D6FFFF130635
:1000940026A763FAC5008322050023A05500110595
:1000A4009105E3EAC5FE17D5EFDF1305E5BD970516
:1000B400000093852505170600001306661663FAEB
:1000C400C5008322050023A0550011059105E3EA2C
:1000D400C5FE170500001305E51497550600938522
:1000E40065AB6377B500232005001105E36DB5FE0C
:0400F4008280000006
:1000F8000000000000000000380F10203E0F102004
:1001080000000000BC3910200000000000000000C2
:10011800BC391020BC39102000000000000000008D
:10012800BC391020BC391020BC3910200000000058
:10013800BC391020BC391020BC391020BC39102023
:1001480000000000000000000000000000000000A7
:100158000000000000000000000000000000000097
:10016800BC39102000000000000000000000000062
:10017800BC391020BC391020BC391020BC391020E3
:10018800BC391020BC391020BC391020BC391020D3
:10019800BC391020BC391020BC391020BC391020C3
:1001A800BC391020BC391020BC391020BC391020B3
:1001B800BC391020BC391020BC391020BC391020A3
:1001C800BC391020BC391020BC391020BC39102093
:1001D800BC3910205E651020BC391020BC391020B5
:1001E800BC391020BC391020BC391020BC39102073
:1001F800BC391020BC391020BC391020BC39102063
:10020800BC391020BC391020BC391020D45810201B
:10021800BC391020C8631020C0591020A05A1020E3
:100228008C5B1020785C1020BC391020BC39102061
:10023800BC391020BC391020BC391020BC39102022
:10024800BC391020BC391020BC391020445E102065
:10025800BC3910207C641020305F10201C601020F6
:10026800FC601020E8611020BC391020BC39102037
:10027800BC391020BC391020BC391020BC391020E2
:10028800645D1020864E1020BC391020BC39102027
:10029800BC391020BC391020BC391020BC391020C2
:1002A800BC391020BC391020BC391020BC391020B2
:1002B800BC391020BC391020BC391020BC391020A2
:1002C800BC391020BC391020BC391020BC39102092
:1002D800BC391020BC391020BC391020BC39102082
:1002E800BC391020BC39102000000000BC39102097
:1002F800BC3910200000000000000000BC391020AC
:100308000000000000000000BC391020BC3910209B
:10031800BC391020BC391020BC391020BC39102041
:10032800BC391020BC391020BC391020BC39102031
:10033800BC391020BC391020BC391020BC39102021
:10034800BC391020397101436EC619A03971415367
:100358006AC866CA62CC5ECE21A001003971015319
:100368005AD056D252D44ED64AD826DA22DC06DEE5
:10037800330161408282010041114AC026C222C471
:1003880006C68282B24D4101024D924C224CB24BBC
:1003980041010100024B924A224AB249410101003F
:1003A800024992442244B240410182802A8311C604
:1003B8002300B3007D16050365FE82802A8309CADF
:1003C80083830500230073007D16050385056DFAF8
:1003D800828017030000E70263FA37081120370705
:1003E80011208327882403274724411163F1E70854
:1003F800370711208326C724139617000567B2967E
:1004080083950600130707778E056357B7040567BA
:100418008D8513072748BA95617763D3E500BA85B8
:10042800216763C4E5009305F7FF2167BA95139721
:10043800C5009355070111453EC697500000E78057
:10044800E038B2473708112085072324F8244101F2
:1004580017030000670003F57D7713070789E3DDBD
:10046800E5FA7D778D851307E7B7BA9575B7856582
:1004780093850580114597500000E780203541019C
:1004880017030000670003F217030000E70203EFF9
:10049800B704112041111385843832893684979026
:1004A8000000E78060480DED1385843874002286CB
:1004B800CA8597900000E78000EF1DE13245636828
:1004C800850001454101170300006700A3ED3306CD
:1004D800A44081454A9597000000E78060EDD5B7B4
:1004E8007D55CDB7297113038112232C8110232444
:1004F800C1122A842326D1122E869A8608089305CB
:100508000010232E11102328E112232AF112232C84
:100518000113232E11131AC697A00000E78080C08C
:1005280008400C0897500000E780E0E28320C111E2
:10053800032481113161828017030000E702C3E0C0
:10054800370711208324C723B7F717202E8B85047C
:10055800232E972284DBB7F717200F00300388C3B8
:100568000F003003B707112023A60722B707112071
:1005780023AA0722B7F91720B7071120B70D1120B2
:1005880023A80D2223AC0722938949039750000022
:10059800E78020B603A7090037FA1720AA8A2A8914
:1005A800130A8A037D5DAD4B314CA94C6384E40486
:1005B80003240A0063038D0297500000E78060B3AC
:1005C80063027D07630B8D0563189D01330925417F
:1005D800B707112023AC27232A8997500000E7800A
:1005E80040B1330555416366AB0403A70900228D6A
:1005F800E390E4FC0F00300397500000E78060AF01
:1006080033055541370711202326A722B7F71720AE
:10061800885717030000670023D73309254123A80B
:100628002D235DBF33092541B707112023AA2723AE
:1006380065B7B7F7172037E700E003264778945FD8
:10064800B7B51020370511209385055313050525E7
:1006580097000000E78040E97D5517030000670018
:10066800A3D217030000E70263D1B7041120B7072C
:10067800112037061020916523A2A4249387477A76
:10068800370711202A841306262E938505E8054589
:10069800370911202326F724232409241180975091
:1006A8000000E780201B97500000E78080A4130417
:1006B800441F2A9401A897500000E78080A3018D69
:1006C8006349A0020327892483A74424E365F7FE2E
:1006D800054597500000E7800029856593850580CA
:1006E800114597500000E780600E1703000067006F
:1006F80063CB054597500000E780E0268565938524
:100708000580114597500000E780400C0326892496
:1007180083A64424B7B51020370511209385855545
:100728001305052597000000E78000DC170300008B
:10073800670043C717030000E70283C2130101DA09
:10074800131415004D468145AA891305D101970058
:100758000000E780E0C5B704112083A6842237D7BC
:10076800CCCCB75846461307D7CC93882895B7877B
:10077800EB519387F75146C6B3B8E602374356455F
:10078800377874201306440213037315130868D6C8
:10079800B7657461938545161ACA42CCB3B7F60299
:1007A80093D8380013538600135806012308C10054
:1007B8001396280046962ED80606918E9583B3B5D3
:1007C800E70223090101138806033709112011657F
:1007D80013090910130505E8930ED007A308610053
:1007E800094EB3B6E80213D73500131627003A9618
:1007F8000606918F2312A10213530401938707035E
:1008080028188D8213962600B29686063387D8401C
:1008180013070703C1488546CA852946A30901006D
:10082800231A8102A30B0102A304D1032306C103E7
:10083800230B61022303F900A303E9002304090140
:10084800230E1101230711032300D1022301D10232
:1008580097900000E780808739E56C003400130624
:10086800C002281897900000E78060D111E5224760
:100878009307C002630BF704B7B5102037051120A2
:10088800130505259385055997000000E780C0C525
:10089800281897900000E780A00413010126170389
:1008A8000000670063AFB7B51020370511209385A6
:1008B800C5571305052597000000E780E0C213011E
:1008C800012617030000670023ADB7051120228613
:1008D80034009385457A281897900000E78020CA4D
:1008E800224619E1630AC402B7B510203705112062
:1008F800A2869385455C1305052597000000E780CF
:10090800A0BE281897900000E78080FD13010126FB
:1009180017030000670043A8281897900000E78095
:1009280020FCB7B5102037051120CE864A8693855E
:10093800C55A1305052597000000E780E0BA83A78C
:100948008422850723A4F42289BF17030000E70245
:1009580023A137F41620930584E40146AA89972039
:100968000000E7806025631D0522130484E489677D
:100978003E9403244440630A04249304A00F63E9CB
:10098800840E93142400A294860437091120B70713
:100998001120B71517209386075B4E85938505258B
:1009A800228697300000E780A0FF37F71720B7F6B8
:1009B800162000C79386C62437F7172054C7B706F2
:1009C800172037F717209386C624B707112014CBB2
:1009D8009387075B37F717205CCB37F71320B7F7F8
:1009E80017201307872498CF37070300B7F7172076
:1009F800130707C0D8CF37471220B7F717201307B8
:100A0800870298D337071120B7F717201307477ABB
:100A1800D8D30F003003B7B51020130509259385E7
:100A2800C563A686228697000000E780E0ABF565DF
:100A38009385054C054597000000E78020B021CD3F
:100A4800954763EFA716B7C710200A05938787FB5A
:100A5800AA979043B7B510201305092593854566D5
:100A680097000000E78040A8170300006700C392C2
:100A7800B7B51020370911202286A6869385C5614F
:100A8800130509252684856497000000E780C0A522
:100A98009384449CEDBDB707112003A687239309CF
:100AA800803EB7B51020B306360313050925938594
:100AB8008567B3D6960297000000E780E0A2B707E3
:100AC800112003A64723B7B5102013050925B3063F
:100AD800360393858569B3D6960297000000E780B0
:100AE800A0A0B707112003A60723B7B51020130548
:100AF8000925B30636039385856BB3D6960297000E
:100B08000000E780609EB707112003A6C72293085C
:100B180040063788EB51B30716031308F851B7B5E9
:100B280010209385856D13050925B3D79702B30661
:100B3800360333579602B3D6960233B807031358D1
:100B4800580033081803B387074197000000E7806F
:100B5800A099931724003E9416042285970000005C
:100B6800E78080BD97400000E780A058AA842285CE
:100B780097000000E78020AF97400000E7806057AB
:100B8800B7B51020330695409385C5701305092520
:100B980097000000E780409517F3FFFF6700C37FC9
:100BA800B7B51020370511209385455F1305052536
:100BB80097000000E780409317F3FFFF6700C37DAD
:100BC80037B610201306C65E71B5B7B510203705C5
:100BD8001120938585601305052597000000E7809F
:100BE800A09017F3FFFF6700237B17F3FFFFE702CF
:100BF800237737091120130409250840F1659385E7
:100C0800052097400000E780C061B7B51020228515
:100C18008544938585742302940097000000E7803B
:100C2800A08CB7060400B7B51020368622859385B8
:100C3800457697000000E780208BB7F7172037E745
:100C480000E003264778D443B7B510202285938562
:100C5800857897000000E780208997300000E780BA
:100C6800E08563E9A41497600000E7808071630B56
:100C78000510ED659385B5543705050097300000DC
:100C8800E78060AD6317051637B4102037051120CB
:100C98009305C47E13058538054697800000E780D4
:100CA800E04263160516379712203796122037054B
:100CB8001020130787E41306862413058539930744
:100CC8000040D966814597000000E7800038631529
:100CD800051097000000E780A06EB7C510202A868F
:100CE800938545831305092597F0FFFFE780C07FAB
:100CF80097400000E780E03F3564B7F41720AA89E1
:100D080091041304E4AF19A897400000E780603EFF
:100D1800330535419307007D63EBA7109C40E395AD
:100D280087FE0F003003B7C51020130509259385EA
:100D3800858797F0FFFFE780207B85659385853859
:100D4800094597F0FFFFE780607F85642A84630286
:100D58000510B7F71720905F954763E0A71EB7C740
:100D6800102013142500938787FBA2979443B7C5D7
:100D78001020130509259385458897F0FFFFE78024
:100D8800A076B9A097600000E7802058E30305EE3D
:100D98006300951AB7B6102093868673B7B51020EE
:100DA8002A869385057C1305092597F0FFFFE780C0
:100DB800A07339A897300000E780A08EB7B510203F
:100DC8002A869385857A228597F0FFFFE780C07190
:100DD80017F3FFFF6700435CB7C510202A86938589
:100DE800058113050925D96697F0FFFFE780C06FD5
:100DF800C5B7B7B51020130509259385457D97F02C
:100E0800FFFFE780606E17F3FFFF6700E358B7B591
:100E180010201306C47E130509259385C57F97F016
:100E2800FFFFE780606C17F3FFFF6700E356B7E743
:100E380000E003A64778B7C5102013050925935687
:100E4800E6008D8A9385058597F0FFFFE780C069E6
:100E580041B7114597500000E7804085938504808D
:100E6800114597500000E7806096B7C5102013051C
:100E780009259385858A97F0FFFFE780E066B70626
:100E8800112037D5CCCC89659386467A1305D5CC05
:100E9800938505F4B337A40279771307070C050483
:100EA8009583858B81C70967130707F42390E600AC
:100EB8008906E311B4FE228597F0FFFFE780A07A48
:100EC800B7C51020B707112005479385458B130533
:100ED80009252380E72497F0FFFFE780E06037C506
:100EE80010201305C58D97000000E78040A637C580
:100EF80010201305459097000000E78040A537C5EE
:100F080010201305859197000000E78040A437C59D
:100F180010201305859397000000E78040A337C58C
:100F280010201305059597000000E78040A24DB5F5
:100F3800B7B610209386067295B5B7B6102093867B
:100F4800C65E35B517F3FFFFE7024343B707112025
:100F580083C70724A1CFB707112003A5072597400A
:100F68000000E780C045B707112011E91545973003
:100F78000000E780A0F117F3FFFF6700A34203A575
:100F88000725B70711209385872C1306000C974077
:100F98000000E7804048E35BA0FCB70711201385F9
:100FA800872C97000000E780809AC9B71305803E18
:100FB80097300000E78080ED17F3FFFF6700833E5E
:100FC8003707112083270722032647220545B385C3
:100FD800A700B3B6F500B2962320B7222322D72262
:100FE800D18F81EBB70711209387072588C3238208
:100FF800070082803707112083270722032647220C
:101008000545B385A700B3B6F500B2962320B722ED
:101018002322D722D18F81EBB70711209387072589
:1010280088C3238207008280411116C601A041119E
:101038003EC2B707EFBE3AC416C69387070837E71C
:1010480000E03CC701A065C517F3FFFFE702433185
:101058002E8937341720368AB289AA841306442C7D
:101068009306000281454A85BE8A3A8B829455E5EB
:101078001304442C1840B7474B3293870745631233
:10108800F70A5C44C9CF104459CA93162600636C0A
:10109800DA089307F01F63FA57090C484E864A8509
:1010A800829425ED08444C4C54480A053386A9001F
:1010B800370811208D8E37071120B70711202324F8
:1010C800C82636952320872823AE3727636DAA04C0
:1010D8004A85829439E103234401B708112037086F
:1010E8001120B705112037061120B7061120370740
:1010F8001120B707112023A66826232C082623AA27
:1011080095262328262723A266272320572723ACA2
:10111800072417F3FFFF670023287D55DDBF7155AE
:10112800CDBF7955FDB76D55EDB76955DDB77D551F
:101138008280B70F112083A70F28638F072683A308
:101148008700638B032617F3FFFFE7022323B70704
:10115800112003A48726B73E1720411113834E267A
:101168008142338F5340135F1F00169FA287014EA1
:1011780083C8070003C817009385270063FB081D71
:101188002E87B3071301330603018346070085073B
:101198000507A38FD7FEE31AF6FEB3870501B387C9
:1011A80017411A9823000800050EE373CFFD8387C3
:1011B8004E262A879A8691E779AA83870600638C48
:1011C80007180306070085060507E308F6FE93F7E8
:1011D800F70F1376F60F6350F618FA83E3E372F805
:1011E80063830216B707112083A7C727FD12139739
:1011F8002200BA9783C6170003C6070003C7270053
:1012080003C43700B707112083A84727A206D18E49
:1012180093170701D58F62042A885D8C63880818A4
:10122800B707112083A687253707112003264726ED
:1012380063980612B706112083A5C6263705112024
:10124800B706112083A6062603250527A29542C6C0
:1012580016C482986DE9370711203248A242032646
:101268004726B70611200547B7071120B73E1720B4
:1012780023AE862423ACE724B70F112013834E2610
:1012880079C203A70F285C47032F4700B382570290
:10129800330F5F4063F3E7013E8F63060F0A014E89
:1012A800B7321720B73F17208347160003450600BB
:1012B80093082600A207C98F93D557007D89A98373
:1012C800FD8993F3F7016372B5024687B307A3005C
:1012D8003306B3008346070085070507A38FD7FEAB
:1012E800E31AF6FE3385A540AA989A95238005004F
:1012F800638703021387422A3385E3004686938671
:101308004F28834706000507050693F5F7039983D9
:101318002380F600A30FB7FE8506E314E5FE838756
:101328004E26C2861A8791E7B5A883070700A1C38E
:101338008506038606000507E309F6FE050E3386D3
:101348007800E313CFF70145410117F3FFFF67006A
:101358006305AE87B9B593021F00E3E472E049B5AF
:10136800B706112083A6C625E316D4EC11BF8387E0
:101378001600E9F7B7371720B73617203737172081
:10138800938747259386462A1307472823A0670093
:1013980023867700D4C398C73E85410117F3FFFF22
:1013A8006700430083070800D1FBE9B7B70711209E
:1013B80003A687272296E9B501458280B707112041
:1013C80083A70728014591C3C84382808307050086
:1013D800A5C3AA870387170085076DFF3386A74033
:1013E8008386050091CEAE870387170085076DFFBA
:1013F8008D8F6374F6003A8582801D8EB307C50011
:101408000387070001EF158F133717003A8582808D
:101418000387070001CB8386150085058507E30947
:10142800D7FED5B783861500158F13371700F9BF78
:10143800AA87014675B717F3FFFFE70263F2A947CA
:101448004111AA8463FEB70AB7D8CCCC9388D8CC0C
:101458008146B3B71503368413B6A5008506330550
:10146800D100138806FF8D83139727003E97060740
:10147800998D93850503A30FB5FEBE8519E2E31A7E
:1014880008FCB7CA1020096A0A94938A8A0A269A1D
:101498001309F00283070400938707FD8A07D6978C
:1014A8008C4383870500A9CB2E8683071600050683
:1014B800EDFF83270A800D8E13B7070815CF0DCED1
:1014C800328B6374C900130BF002139517003E9515
:1014D800120526955A8697F0FFFFE78060EE0327EE
:1014E8000A8093171700BA979207A697DA9723806E
:1014F800070005072320EA80630B81067D1459BF86
:10150800B7C710208A059387870AAE978C438387CD
:101518000500B1CFAE870387170085076DFF096700
:101528002697032707808D8F93360708A9C2A1C382
:101538003E849307F00263F387003E841315170077
:101548003A9512052695228697F0FFFFE78040E737
:101558008966A69603A7068093171700BA9792077D
:10156800A697A29723800700050723A0E6804101DC
:1015780017F3FFFF670043E283870500ADCFAE870F
:101588000387170085076DFF09672A9703270780D8
:101598003386B7406381B70693370708A9CF17F397
:1015A800FFFFE702A3DD9307F002411163E6C704DA
:1015B800AA87131517003A9512053E953EC632C400
:1015C80097F0FFFFE780C0DFB24789652246BE95E6
:1015D80003A7058093161700BA9692063385D7009D
:1015E800329523000500050723A0E580410117F384
:1015F800FFFF670023DB82803E865DBF17F3FFFF96
:10160800E702C3D79307F00259712A8463F3C7002E
:101618003E86080832C497F0FFFFE78060DA22466A
:10162800030801010A962308060063080846B7C69E
:1016380010209386469CC28713063004180801A818
:10164800830707006386072A0386160085060507B1
:10165800E308F6FEB7C51020938545A26387C72621
:10166800B7C710209387C79CC28613067005180851
:1016780001A88306070063820624038617008507EE
:101688000507E308D6FEB7C710209387479D428712
:1016980013064004140801A803870600630D0724F5
:1016A8000386170085078506E308E6FEB7C5102000
:1016B800938545A3630BC720B7C610209386C69DA4
:1016C800C28713064004180801A883070700638728
:1016D80007220386160085060507E308F6FEB7C548
:1016E8001020938585A36382C71EB7C610209386F2
:1016F800469EC28713064004180801A883070700FE
:10170800638107200386160085060507E308F6FEB1
:10171800B7C51020938505A46389C71A37C7102059
:101728001307C79EC286130690041C0801A8838667
:101738000700638B061C0306170005078507E308E7
:10174800D6FE37C710201307479FC286130610041A
:101758001C0801A8838607006381061C030617007E
:1017680005078507E308D6FE37C710201307C79F6C
:10177800C286130670051C0801A8838607006387C4
:10178800061A0306170005078507E308D6FEB7C63D
:101798001020938646A0C28713067005180801A872
:1017A80083070700638D071803861600850605075B
:1017B800E308F6FEB7C51020938505A56387C71013
:1017C800B7C610209386C6A0C287130690041808CF
:1017D80001A8830707006387071603861600850696
:1017E8000507E308F6FE638BC726B7C61020938665
:1017F80006A1C28713069004180801A883070700EA
:10180800638507140386160085060507E308F6FEB8
:101818006389C726B7C61020938686A1C287130698
:101828009004180801A8830707006383071203863A
:10183800160085060507E308F6FE638AC72437C73E
:1018480010201307C7A1C286130690041C0801A81C
:1018580083860700638106100306170005078507BE
:10186800E308D6FEB7C51020938505A7080842C42B
:1018780097000000E780C0B565C91C0803871700FA
:1018880085076DFF1808998FF5171808BA97BA8554
:1018980022852380070097000000E78020CEB7C587
:1018A800102022859385C5A297000000E78000CD0F
:1018B800656117F3FFFF6700E3AE83871700E394C2
:1018C80007DCB7C510209385C5A2228597000000C4
:1018D800E780C0CAB7C510202285938585A29700E6
:1018E8000000E780A0C9656117F3FFFF670083ABBD
:1018F8000386160085B3038617004DBB03861600C2
:10190800F9BB0386160029B503061700E31B06E298
:10191800B7C51020938545A44DBF03061700E315EE
:1019280006E4B7C51020938585A445B703061700BC
:10193800E31F06E4B7C510209385C5A479B70386CD
:1019480016008DBD0386160079BD03861600C9B53D
:1019580003861600DDB58307170089F7B7C5102081
:10196800938585A5228505BFB7C51020938545A712
:10197800080897000000E780A0A55DE1B7C5102022
:10198800938585A7080897000000E78060A41C08D5
:1019980029ED2248B7C510209385C5A7080842C479
:1019A80097000000E780C0A22248630F0512630277
:1019B80008221C080387170085076DFF1808998FF0
:1019C800F9171808BA97BA85228523800700970067
:1019D8000000E780A0BAB7C510202285938585A6A8
:1019E80097000000E78080B9FDBD038717008507D1
:1019F8006DFF1808998FF5171808BA97BA852285C8
:101A08002380070097000000E78040B7B7C5102083
:101A18002285938505A697000000E78020B6E1B5EA
:101A28001C080387170085076DFF1808998F13870F
:101A3800D7FFBA871808BA97BA8522852380070086
:101A480097000000E78080B3B7C5102022859385F2
:101A580085A497000000E78060B271B5B7C5102073
:101A68002285938585A597000000E78020B1B7C53A
:101A7800102022859385C5A597000000E78000B057
:101A88009DB5B7C51020938585A52285A5BFB7C587
:101A98001020938585A522851DBFB7C51020938585
:101AA80005A7080842C497000000E7806092F55730
:101AB800E31D05DCB7C51020938545A708083EC679
:101AC80097000000E780C090324722483DF1B7C533
:101AD8001020938585A7080842C497000000E78076
:101AE800208FB24711F975B5B7C51020938505A8A1
:101AF800080842C497000000E780808D22481C082F
:101B080051EDE30208DE0387170085076DFF18080B
:101B1800B388E740E389E7DC0545198D01461308DA
:101B2800700283060700B307E50093050606130352
:101B38000101B3B717019A95638506012388D5FC7F
:101B48000506930616FDB336D000F58F0507F1FBA1
:101B5800096722978327078093B60708E38506D885
:101B6800E30306D8139517003E95120522958C00BD
:101B780032C43AC697F0FFFFE78080843247224696
:101B88008326078093971600B6979207A297B29775
:101B98002380070085062320D780B1B36306080099
:101BA8000387170085076DFF1808998FBA97BA85BC
:101BB8002285238F07FE97000000E780209CB7C589
:101BC80010202285938545A497000000E780009B9C
:101BD80019BBF957FDB317E3FFFFE702E3768967FF
:101BE800AE97B7CB1020397137CB102023A00780D0
:101BF8009387CBA9B7CA10203EC493074BA92E8A56
:101C08002A8C938A0AFD3EC68149814D814B814CBD
:101C1800130B200EB3063C01038906009374F90FD9
:101C2800938794FD1387E4F693B7170013371700CB
:101C380033E4E700638764059377F9FD9387F7FB3F
:101C480093F7F70F65476369F71A63940D0E9307C7
:101C5800E0028509814DE3EF97FB21E89387F4F9CA
:101C680093F7F70F65476367F700138904FE620966
:101C780013598941B3872C0023882701850C814D8E
:101C880051BF138D1900B307AC01838707006A861B
:101C980085C30387260021E709CC328D63930D0A9B
:101CA8009307E002EA89E3E797F713097002D9B7C7
:101CB80075F463980C0A63980D0091EC216117E3A1
:101CC800FFFF6700636CDE85528597F0FFFFE780B2
:101CD800C076814BE5D48509814D814C25BF93069B
:101CE80000F86384D7008D0935B71377F70F93078A
:101CF800870693F7F70F854663F4F60C9307D70624
:101D080093F7F70F93B7270081E71307A7F561FF4C
:101D180063930C0C639A0D0CB7C51020938545A8E6
:101D2800528597000000E78060858D09814D814CC0
:101D3800D5B5DE85528597F0FFFFE7800070814BAF
:101D480039B7DE85528597F0FFFFE780006F93076C
:101D5800E002EA8963F29707814D814B65BD63898B
:101D68000C0066860C08528597000000E7804089C1
:101D7800639B0D0459191379F90F93075003E3EE88
:101D880027F393172900D6979C438287B24552853B
:101D980097F0FFFFE780807E8509814D814C9DBDCE
:101DA800A245F5B7B7C51020938545A8CDB7B7C5E7
:101DB80010209385C5A8E1BF814B130970025DBD52
:101DC800138D3900E1BDDE85528597F0FFFFE7806E
:101DD800C066814B45B766860C085285970000009F
:101DE800E7800082E38A0DF2DE85528597F0FFFFD7
:101DF800E780A064814B0DB715EC938704FD93F73A
:101E0800F70F2547E36DF7F4639E0C0093972B00BB
:101E1800DE978607938707FDB30BF9008509854D83
:101E2800814CCDBB66860C08528597F0FFFFE78092
:101E3800207DE9BF13861900328D8DB50308050092
:101E4800AA856301080CB7C610209386C6A82A87FE
:101E5800C2871306C00339A083070700DDCB0386BA
:101E6800160085060507E309F6FE0545638DC708D4
:101E7800B7C71020938747A8C2862E871306C003CA
:101E880039A083060700C9C203861700850705071E
:101E9800E309D6FEB7C71020938747A9C2862E87C5
:101EA8001306C00339A083060700BDC603861700C2
:101EB80085070507E309D6FEB7C610209386C6A98D
:101EC800C2872E871306C00339A083070700B1CB4A
:101ED8000386160085060507E309F6FE05456384B3
:101EE800C702B7C710209387C7AE1307C00301A85E
:101EF80003880500630D0802038717008507850519
:101F0800E30807FF01458280838717000545D9F359
:101F180082800386160091BF03861700054549FE97
:101F28008280038616000545E39DC7FA82800385F3
:101F3800170013351500828017E3FFFFE7024342BD
:101F480037CE1020838E0500130E8E201D71B284AB
:101F58002A8F3689930F8E0B13031004638B0E029E
:101F680003280E00F6882E8501A8830805006380E3
:101F780008020303180005080505E38868FE110E2A
:101F88006383CF4103280E0003030800E1BF030366
:101F98001800630A0300110E6387CF3F03250E0064
:101FA8000303050065BF054411667A96835686408B
:101FB80037051120C1652314D516FD156386B600B3
:101FC800938516002314B640D5CB038E0700630A09
:101FD8000E06B7C81020938848A972883E85130357
:101FE800C00301A8030805006301083A0383180029
:101FF80085080505E30868FEB7C510209385C5A9BF
:1020080072863E851308C00301A803060500630213
:1020180006360388150085050505E30806FF37C65B
:1020280010201306C6AEBE851305C00301A8038E93
:10203800050063050E440305160005068505E3083B
:10204800AEFE6304044437061120872606181306DB
:102058000004636FE602A6853A8608103ECE7ACC65
:1020680036EA36C83AC697E0FFFFE7806035F247A0
:10207800624FD266C2463247041019A8630B043E69
:10208800370611208726061913060004E375E6FCB7
:102098003706112007208619370611208725861B49
:1020A800370611208721461B370611200725461AB7
:1020B800370611208720861A370611200722061AAC
:1020C800370611200721C619896337061120814573
:1020D8000726C61BFA939309F01F6386E5160326A5
:1020E8000F4063E1C92283C804000348090033058F
:1020F800CF00230015010506230005212320CF402A
:10210800014699C7138625003336E60013361600B4
:10211800138A1500814899C183C8F4FF83420900D6
:1021280083CE040093058002637EEA1463EFD5151D
:1021380003C51400B7C5102093858513F6951D486F
:1021480003C305006370D81B13884EFF1378F80F7C
:10215800DD4563E10515B7C5C0009385750CB3D59A
:1021680005018589638805128545638AB218894502
:102178006389B21CD3F7A6106395020019C0D3F780
:1021880017101DC1130875FF1378F80FE14563E1B7
:102198000519B715E80193851504B3D50501858997
:1021A800638B0516D3F7A7106319EA1213858EFF00
:1021B8001375F50FE145537703D063EDA510B725E7
:1021C800100193855510B3D5A50085896384051042
:1021D8005DC6D3F7B710C3F7E76013068002539EB6
:1021E80007C06353C601328E09466353CE00328E50
:1021F80083A5434009681308884013961500420ECA
:102208007A98856F3298135E0E01938F4F4001457F
:1022180005660505B308BF0042053383F80141810F
:1022280063F2C50E2382D841230053002310D8003F
:10223800850523A2B3400908E36DC5FDD285850451
:102248000509E39EE5E80145256117E3FFFF6700FF
:10225800A314631FEA0413858EFF1375F50FE14578
:10226800537703D063E8A504B7251001938555106B
:10227800B3D5A5008589D387D6209DCD1DEED3F78C
:10228800371091BF0145E3F7D5EBD387D620530725
:10229800002091B7E38F08FA4DDD93888EFF93FFF6
:1022A800F80F614E637DFE0F930510026389BE141B
:1022B800537703D0D387D62019DE9385AEFE93F5E6
:1022C800F50F4146E369B6F061661306F608335622
:1022D800B600058AE31F06EEFDBD537703D0E31A67
:1022E80006EED5BD8545E3E1D5E9537703D009C5A9
:1022F80063840800E300EAFCD387D620E9BDD3F75E
:10230800261041B57D55256117E3FFFF6700C30817
:10231800A1456301B502930565FF93F5F50F79486B
:10232800E364B8E83708006413083844B355B800C4
:10233800858999C9B705112007A7C51AD3F7E710EA
:10234800A5B5D3F7461035BD29151375F50FC14549
:10235800E3ECA5E4E1659385F508B3D5A500858987
:10236800E38405E4B705112007A7051BD3F7E71099
:1023780025BD03861500E31406CA09CC37061120CB
:102388008726861811B3014405B103831800E315A5
:1023980003C66DF4370611208726C618F5B137280D
:1023A800100113085810B355F801858995C993058C
:1023B80085FF93F5F50F6365BE02B355B8008589AF
:1023C80085C1B705112087A70519D3F7F610631142
:1023D800EA08537703D0E31206EED3F73710E5BBCC
:1023E80013887EFF1378F80FE14563E9050DB715EB
:1023F800E80193851504B3D505018589C1CD5D151F
:102408001375F50FE14563EAA504B715E80193854F
:102418001504B3D5A5008589A9C1B705112087A7DB
:10242800451AD3F7F6106315EA0293F8F80FE54555
:10243800537703D0E381B8DAB72510019385551097
:10244800B3D515018589E38905E6E30A06E2B5B542
:10245800537703D0E31306E6BDBBE31BEAE493F826
:10246800F80FE545537703D0D387D620E396B8FC19
:102478009DB3370611208726461939B10306160081
:10248800E31106BCE31C04EE31B73706112087269A
:102498004618DDBE537703D0E31EEAE093F8F80F41
:1024A800B725100193855510B3D515018589D387B4
:1024B800D620E38305E0E30406DC01B5537703D0B7
:1024C8008148E30FEAFCD387D62031B30307050020
:1024D800AA8EAA876300071A0387170085076DFF6E
:1024E800338FD7416388D71917E3FFFFE70243E724
:1024F8000145014EB7CF10207D4A91446144B7C2CF
:102508001020B7C3102013094005930980043383B2
:10251800CE01930843009A8713874FAF638F17073D
:10252800830607000388070085070507E308D8FE28
:102538009A871387C2AF638B17098306070003883E
:10254800070085070507E308D8FE930833009A8734
:10255800138743B0638B17098306070003880700B6
:1025680085070507E308D8FE83070300639C270B4C
:1025780003071300631A37116379C500B387A500F1
:10258800130710022380E7000505090EE361EEF941
:1025980049C117E3FFFF670023E06375C502B387EE
:1025A800A500238047019307150063FDC702AE9776
:1025B800238097009307250063F6C702AE97238010
:1025C80087000D05110EE364EEF5D9B7E37CC5FE6F
:1025D800B387A500130780022380E700930715003F
:1025E800E3E7C7FC3E85110EF9BF6370C502B387E8
:1025F800A50049472380E7009307150063FFC70636
:10260800AE97654709052380E7000D0EE361EEF1FB
:1026180041B701453DDE23800500054517E3FFFF6F
:10262800670083D7130730056392E7028306130018
:10263800130780046392E608E379C5F4B387A5001D
:102648007D472380E7000505090E89B71307300485
:10265800639EE7360307130093068004631AD73492
:10266800E375C5F2B387A50025472380E700050574
:10267800090E29BF11E6014582803E850D0E79B706
:10268800238005000545828013073004050E638307
:10269800E72A130770046384E7289387E7FB93F717
:1026A800F70F6147E364F7EE37C710208A0713076F
:1026B800470DBA979C43828713079004639DE706EA
:1026C8000307130093072005631BF704E37FC5EA9C
:1026D800B387A50035472380E7000505090E7DB5BA
:1026E800E376C5EAB387A50055472380E70093073B
:1026F800150063F8C706AE9779472380E7000905F8
:10270800E367EEE171B5E373C5E8B387A500130786
:1027180050022380E7000505E36BEEDF95BD050E4B
:10272800E376C5E6B387A50049472380E70005059A
:10273800E36FEEDDB1BD13075005E397E7F4030738
:10274800130093072005E303F7F8050EE370C5E4CB
:10275800B387A50011472380E7000505E369EEDB91
:1027680005BD3E85E365EEDB25B5E371C5E2B387BC
:10277800A500130740022380E7000505E369EED9A9
:1027880001BDE375C5E0B387A500130700022380E8
:10279800E7000505E36DEED7E5BBE379C5DEB38752
:1027A800A50079472380E7000505E362EED7CDB39E
:1027B800E37EC5DCB387A50075472380E7000505E0
:1027C800E367EED5F1B3E373C5DCB387A5005547DE
:1027D8002380E7000505E36CEED35DBBE378C5DA3B
:1027E800B387A50071472380E7000505E361EED3B1
:1027F80045B3050EE37CC5D8B387A50009472380F8
:10280800E7000505E365EED161B3E371C5D8B38789
:10281800A50061472380E7000505E36AEECF8DBB7D
:10282800E376C5D6B387A5005D472380E700050595
:10283800E36FEECDB1BBE37BC5D4B387A5005947A1
:102848002380E7000505E364EECD99B3E370C5D4B2
:10285800B387A500130760022380E7000505E36836
:10286800EECB3DB3E374C5D2B387A50051472380AF
:10287800E7000505E36DEEC921BBE379C5D0B38751
:10288800A50045472380E7000505E362EEC909B3C3
:10289800E37EC5CEB387A5003D472380E700050545
:1028A800E367EEC7F5B10307130093072005E30FAD
:1028B800F7E09307FFFF6397C72593373F00050E9F
:1028C800E38607CCE374C5CCB387A50031472380E2
:1028D800E7000505E36DEEC365B9E379C5CAB387BB
:1028E800A50029472380E7000505E362EEC34DB143
:1028F800E37EC5C8B387A50021472380E700050507
:10290800E367EEC171B1E373C5C8B387A5001307C8
:1029180070022380E7000505E36BEEBF95B9636697
:10292800EE03E377C5C6B387A50041472380E700D8
:102938000505B9B96369EE05E37CC5C4B387A5008D
:1029480055472380E7000505A1B1B387CE0103C72A
:102958000700D1471307B7FB1377F70F63ECE708B6
:10296800B7071000C507B3D7E700858BFD17F19BA4
:10297800D107E37EC5B83387A5002300F700050516
:10298800E367EEB931B1B387CE0103C70700D1477A
:102998001307B7FB1377F70F63E0E706B7071000D5
:1029A800C507B3D7E700858BFD17DD9BF907D1B7BE
:1029B8009306B004E311D7D8E379C5BCB387A50063
:1029C80055472380E7000505090EC9B61307E0043B
:1029D8006396E7028306130013077004E39EE6CCB0
:1029E800E375C5BAB387A50065472380E7000505E9
:1029F800090E69BEC147B5BFD547A5BF1307000576
:102A08006392E7028306130013078004E396E6CA7D
:102A1800E37DC5B6B387A5003D472380E7000505DC
:102A2800090EADB6130710056391E704830613007A
:102A380013075005E392E6C8AA876373C502B387F4
:102A4800A50055472380E7009307150063FAC700E0
:102A58003387F50093065002930725002300D7001B
:102A6800090E3E85E365EEAB25B613075004639364
:102A7800E7028307130013071004ED9BE395E7E2D1
:102A8800E375C5B0B387A5004D472380E70005056A
:102A9800090EEDBC1307F0046391E70483071300E4
:102AA8001307F004639DE700E371C5AEB387A50083
:102AB800130730022380E7000505090EC1BC130780
:102AC80050056393E704E372C5ACB387A5001947C3
:102AD8002380E7000505090E55BC13071004E39D84
:102AE800E7BC8307130013079004BD9B639CE702B0
:102AF800E37DC5A8B387A50039472380E70005050E
:102B0800090E69B4050E7DBB130770056396E704CB
:102B1800E37DC5A6B387A50069472380E7000505BF
:102B2800090EADB403071300930720056317F704D4
:102B3800AA87E377C5F2B387A50009472380E70092
:102B480093071500E3FEC7F03387F500F5469307B2
:102B580025002300D70029B7030713009306900424
:102B68003D9B6318D702E372C5A2B387A5006D47E2
:102B78002380E7000505090E11BC050EE378C5A002
:102B8800B387A5000D472380E7000505E361EE99AB
:102B980001B413072005E39EE7C4AA87E372C5ECD6
:102BA8003387A5009546930715002300D700E3F95E
:102BB800C7EA59BF630C0564638A056417D3FFFF2E
:102BC800E7028378F972938202751691AE8B32C848
:102BD80011662A841306C64081455E8597D0FFFF9B
:102BE800E780007D2285B70411207D546C11239461
:102BF800841697F0FFFFE78040FE03AE0B40239456
:102C080084169307F01F63E0C72DB387CB0189654E
:102C18002380070023800720DE9583A74540096AA3
:102C2800130A8A40B3864B01050E139717000565F2
:102C380036C623A0CB4136971383A700130545401A
:102C48008568B386FB003386A60063FE17272382B8
:102C580006402300060023108700850723A2F540BD
:102C68000907E39067FE89679387C7881810BA97A2
:102C780003AD070063050D488968930AC10A338AC2
:102C88001B01854401497D5C568597F0FFFFE7806D
:102C9800201B83850A00D6892A8431E937CB102086
:102CA800130B8B20930C8B0B5A85130610049DC5B0
:102CB80014412E87D68739A00387070011CF0386D2
:102CC800160085068507E309E6FE110563009515DC
:102CD800144103860600F1BF03861600630A062026
:102CE8001105630595131C4103860700C9B7D9CDA3
:102CF80037C710201307C7A8AE86D6871306C003A8
:102D080001A883860700638F061C030617000507C2
:102D18008507E308D6FEB7C71020938747A8AE8675
:102D280056871306C00301A8830607006386061AA0
:102D38000386170085070507E308D6FEB7C71020E6
:102D48009387C7A92E87D6861306C00301A80387D1
:102D58000600630C071E0386170085078506E3082F
:102D6800E6FE930640026304C702B7C710209387A4
:102D780087B01307C00301A883850900638D052068
:102D88000387170085078509E308B7FED94603A717
:102D98000B40B7071120239487179307F01F63E4AC
:102DA800E712B387EB0023800700238007208327DF
:102DB8004A40050723A0EB40B385F600B2461397B7
:102DC80017000565369713054540856EB386FB00E9
:102DD8003386A60063F9D70F238206402300060036
:102DE8002310870185072322FA400907E390B7FEDD
:102DF800014989679387C7881810BA9703AD0700F8
:102E0800938A0A0363FBA42F8504BDBD0509854D7C
:102E180063F3A40F93890A034E8597F0FFFFE780B9
:102E2800200263070512568597E0FFFFE780A03070
:102E3800AA8D71C9C247639F071803C7CD0083A62F
:102E48008D0003A64D00CE87D6855E8597F0FFFFDF
:102E5800E780C00E2DE951DC03A70B40B70711200E
:102E6800239487179307F01F63EFE704B387EB00FA
:102E7800238007002380072083274A40B24605079E
:102E880023A0EB4085651397170036979385454037
:102E9800B386FB000565938E67003386B60063F43E
:102EA800A702238206402300060023108701850716
:102EB8002322FA400907E38DD7F3B386FB00338654
:102EC800B600E3E0A7FE89629382028B7D551691D6
:102ED80017D3FFFF6700434B83871700B946E39F6B
:102EE80007E475B503061700A146E31606E245B5E3
:102EF800814DE3E1A4F3568597E0FFFFE780A02327
:102F08008149AA8D05F9B7C71020038F0A00938E4F
:102F1800072C7685130620048145954F63080F0812
:102F280014417A87D68739A00387070035CF0386EF
:102F3800160085068507E309E6FE8505638DF51706
:102F48001449410503860600E9BF0386170011BD31
:102F580093377900639E0714638C0D14E3FDA4F97D
:102F680083850A0313061004A9CD83260B002E8738
:102F7800CE8739A00387070039C303861600850664
:102F88008507E309E6FE110B630C9B2783260B00DC
:102F980003860600E9BF8386170093B61600B306BA
:102FA800D040C19AD906E5B30386160075CA8505CF
:102FB8006383F5111C4941050386070085B703861D
:102FC80016007DC6110B630D9B2383270B00038618
:102FD800070059BF37C51020130545B1D68597009E
:102FE8000000E780202303C7CD00014D37CB102018
:102FF80059CFB7C71020B7CC1020938707B3938C4D
:103008004C163ECA21A803C7CD00050D9376FD0FC7
:1030180063EFE6049376FD0F63FBE60603A74D0016
:10302800B7C71020938507B16A97834607009307AF
:1030380080021305CBB213972600669763E3D70087
:103048000C4397000000E780E01C03A78D006A97F7
:1030580083450700CDD95245050D97000000E7804C
:10306800601B03C7CD009376FD0FE3F5E6FAB7C5FD
:103078001020938545B31305CBB297000000E78075
:10308800601903C7CD009376FD0FE3E9E6F837B57D
:1030980010201305056697000000E780A01771BB94
:1030A8009205B387BE0003C7C7009447D04361BBEE
:1030B800014481498DBB6C1013060004568597F0B6
:1030C800FFFFE780E0402A8D13060004E8108145E1
:1030D80097D0FFFFE780C02DC247C9EFCE876A8728
:1030E800F4107010D6855E8597F0FFFFE78000E545
:1030F800E31B05DCE30F04CE85B303AE0B40B70733
:103108001120FD58239417179307F01FE3EDC7DB31
:10311800B387CB0189652380070023800720DE95CC
:1031280083A74540B246050E13971700056523A0EF
:10313800CB413697138EC700130545400563B38608
:10314800FB003386A600E3F067D8238206402300FD
:10315800060023101701850723A2F5400907E3108D
:10316800FEFE89629382028B0145169117D3FFFFF9
:103178006700832137C51020130585B3D6859700CE
:103188000000E7802009630F0D04930CC10237C7C4
:103198001020B7C71020B3069D0113074716938761
:1031A80047B336CA3ACC3ECE37CB1020B7CD102025
:1031B80003C70C00930680021305CBB293850DB1AB
:1031C8009317270063E5E6006247BA978C43970098
:1031D8000000E7802004D247850CF2451305CBB2E6
:1031E800639BFC0037B510201305056697000000A7
:1031F800E7804002E5B597000000E780A0014DBFD9
:10320800B7C91020938989B0054431B97D558280AA
:103218003971130341022ED29A8506CE32D436D69E
:103228003AD83EDA42DC46DE1AC697700000E780DC
:1032380000E9F2402161828017D3FFFFE7024312C1
:1032480093D425002E892A8A93F9350097300000F7
:10325800E780005981CC8A04D29452840840110432
:1032680097300000E7804058E39A84FE638709029C
:103278001379C9FF5299014581473307F90003477C
:1032880007009396370085073317D700598DE396C3
:10329800F9FE97300000E780205597300000E7805E
:1032A800205517D3FFFF6700230F17D3FFFFE7024F
:1032B800230A0C45130101DD2A8A05462800976078
:1032C8000000E780A0E0631A0514524683264A00EE
:1032D8006317D60EAA8A97200000E78080E183272B
:1032E8004A00AA8C096703250A007D17BA97F97561
:1032F800370B0008FD8D3365650197200000E780D6
:1033080020829147AA8B6313F50E03244A006308B1
:103318000412B73917209389492E0149056C91A8E1
:103328009247639187086376940097D0FFFFE78000
:10333800200803250A002686CE854A95336565014F
:1033480097200000E780C0AC03270A00AA872686DA
:10335800B304E900CE852685639077159770000041
:10336800E78060F222996319051003244A00637804
:10337800890C330424415400CE85280063738C00E3
:103388000564228697600000E780E0019304F40F4B
:10339800AA8793F404F0338684409305F00F3385AD
:1033A8008900BDDF280097600000E7806053954AD8
:1033B80056851301012317D3FFFF670023FD8325DB
:1033C8008A0037C51020130545CF97700000E780A5
:1033D80060BF280097600000E7808050914A5685BA
:1033E8001301012317D3FFFF670043FA83250A005F
:1033F80037C51020130585D497700000E78080BC7E
:10340800280097600000E780A04D994A568513016F
:10341800012317D3FFFF670063F783258A0037C5A9
:1034280010201305C5CD97700000E780A0B98D4A1C
:1034380056851301012317D3FFFF670023F52800E2
:1034480097600000E780C0490324CA0083244A002B
:1034580003290A0097200000E780A0C9B7C71020F9
:1034680033079541CA862686A2851385C7D19770EA
:103478000000E78020B5A5B737C51020A68513053D
:1034880085D897700000E780E0B3280097600000B7
:10349800E7800045A14AA1B737C51020A6851305C6
:1034A80085D697700000E780E0B12800976000009B
:1034B800E78000439D4A25B717D3FFFFE70243EA99
:1034C800411197300000E780C03037C40D00184024
:1034D800B7575654938757236316F70058409547B4
:1034E8006300F71037C51020130505DF977000003B
:1034F800E78060BC97400000E78020E1631A05166A
:1035080037C910201309893393090903CA8426850A
:1035180097000000E780A0D92A84C10445EDE3980C
:1035280034FF896537C50D0897100000E780405FB4
:103538009147631EF510373517201306000F130542
:10354800452F9305F00F97D0FFFFE78060E6B73768
:103558001720375756549387472E13075723154676
:103568008D46BE8423A6070098C3D0C394C7938909
:1035780047020325090083254900B104C8C08CC44B
:1035880097000000E78080CBC8C44109E39334FF6B
:10359800B7341720130600109385442E37C50D083D
:1035A80097200000E780C08691476311F50C93854A
:1035B800442E1306001037C50D0097700000E780F1
:1035C80080CC4DE537C51020130585E297700000C3
:1035D800E78060AE2285410117D3FFFF6700C3DB98
:1035E800832984008D47E39FF9EEB7C71020138A1B
:1035F800873313898733814493971400A6978A07E2
:10360800A297884B03270900E31EE5EC032749002E
:10361800CC4BE399E5EC9C4F3EC697000000E78051
:10362800E0C1B2476390A70685044109E39634FDDB
:1036380037C51020130545DC97700000E780A0A768
:1036480005442285410117D3FFFF6700E3D41944DD
:1036580037C51020130585E397700000E780A0A503
:103668002285410117D3FFFF670003D32544CDB757
:1036780037C51020130505E197700000E780A0A367
:10368800094489BF9204B3079A00CC4737C5102074
:103698001305C5DA97700000E780C092A1B5A54769
:1036A80063EAA700B7C710200A0593870731AA97CE
:1036B8008843828037B510201305C55E8280630A6F
:1036C800B50205CA637DB5002A96AA8703C7050017
:1036D80085078505A38FE7FEE39AC7FE8280B2952A
:1036E8002A9683C7F5FF7D16FD152300F600E31A19
:1036F800C5FE82808347150083480500374317209D
:10370800139687003366160115821303432E7D8AAC
:1037180093F8F8010905B30713013308C3002A8792
:1037280063FDC8008346070085070507A38FD7FEFA
:10373800E39A07FFB3081641469532932300030026
:1037480083471500034705000905A207D98F9CC1C7
:10375800828031C193B705029DEF1841B7574B31AD
:10376800938777656317F7021C4D63E8F5021849DC
:103778005C49B70511202A97AA9737061120B70682
:10378800112023A6A62823A4E5282322F6280145EC
:103798008280795582807D5582807555828017D3C5
:1037A800FFFFE702E3BAB707112003A9C728797119
:1037B800630909060307050081470DCFE545FD4864
:1037C80013089003130360021306F7FB1376F60F32
:1037D800050563EEC5049306070213978601618702
:1037E800B38627002388E60003070500850719C369
:1037F800E39C17FD0008B306F40091CF0387F6FF9A
:103808009385F7FFFD16130697FD130737FD11C2C1
:1038180029E3AE87E5F7A287238007008304010127
:103828009DEC0145456117D3FFFF670023B6634B45
:10383800E8006349E3140307050059F70008B306D5
:10384800F40065BF9306F7F993F6F60FE3E5D5FEA6
:1038580041BFA2972380070083040101F9D0032CFC
:103868008900E3000CFC37071120B70711208329D2
:10387800472803AA8728814B374B1720B30A7C4176
:1038880093DA1A00DE9A93972A00D29783C6170014
:1038980003C6070003C7270003C53700A206D18E59
:1038A80093170701D58F62055D8D4E956C009700C3
:1038B8000000E78060E483074B2E2686A286130764
:1038C8004B2E99E779A883070700C1CF0386060026
:1038D80005078506E389C7FE93F7F70F1376F60FFA
:1038E8006351F608568CE3EB8BF9E38C0BF28327D4
:1038F800C900FD1B03294900338777033309E940D1
:1039080063E02709E30F09F08A0B5E9A83461A00E1
:1039180003460A0003472A0083473A00A206D18ECD
:103928004207558FE207D98F3385F90081496C002A
:1039380097000000E78040DC83074B2E2686A2868E
:1039480013074B2E81EB11A88307070085C3038655
:10395800160085060507E389C7FE8509E39929FD51
:10396800C9B5938B1A00E3EB8BF141B78387160037
:10397800EDF70355C100456117D3FFFF670003A1A9
:103988003E8949B737060800930697FD130616E4E3
:10399800B356D600858AE38006EA99B517D3FFFFA8
:1039A800E702039B83070500130101BEAE84328939
:1039B800B68CFDCB370A80002A844D0A130C01020D
:1039C800814BDD49354BA14A11A0050403070400CA
:1039D800930777FF93F7F70F63EEF90AB357FA00E7
:1039E800858BE5F7A945794531A863C4EA02050442
:1039F8006365F5002380E6BE850703070400137698
:103A0800F7FD01CA938607428A96E3D0E5FEE310E4
:103A180067FF8A970A852380070097000000E780E0
:103A280040D8830704002310AC00850B91C7930787
:103A38000020090CE39CFBF8630709021316190020
:103A4800E68766960C1095C483D604001397160073
:103A58002E9763F476050357070089078904239F87
:103A6800E7FEE313F6FE1301014217D3FFFF6700D9
:103A7800E3912390070013872700E306C7FE2391ED
:103A880007009107E317F6FE1301014217D3FFFF62
:103A98006700C38F55D38147B1B7239007008907C3
:103AA800E303F6FC89044DB7814B79B701A017D31E
:103AB800FFFFE702A38C371402401C40411137076F
:103AC8005C3093E717001CC05C40F98F5CC05C4019
:103AD800B18BF5FF5C403707C0FF7D17F98F5CC0DD
:103AE8001C44B706A76AFD16860785831CC41C40BC
:103AF8003707FCFF7D17F58F1CC01C4037C5FF0F2B
:103B0800B705FF00F98F1CC01C443706600CB7E6E8
:103B1800F0FFE98F1CC41C44938606083707080089
:103B280093E747001CC44CC41C5813070702F18FC5
:103B38001CD85C58F58F5CD85C58D98F5CD8970036
:103B48000000E780007D02C202C402C61C40416733
:103B5800B7160240D98F1CC037070200370600018C
:103B680021A09247638AC7009C42F98F3EC49247BE
:103B780085073EC2A247F5D7B71702409C43139763
:103B8800E700635D070085473EC422478547630C0D
:103B9800F700410117D3FFFF6700C38002C4224723
:103BA8008547E318F7FE371702401C47717613065E
:103BB800F60F819B1CC71C479306000293E7670119
:103BC8001CC71C47F18F1CC71C471CC71C4793F711
:103BD800F7F11CC71C47D58F1CC71C4793F7070E66
:103BE800E39DD7FE1C4337060001B7160240D18F6C
:103BF8001CC39C4213976700E35D07FE9C4637068B
:103C080000907D16860785839CC69846B7170240A4
:103C1800718F98C698479356C7019D8AE5FED84389
:103C28003706FDFF7D161377F7F0D8C3D8434168F0
:103C3800B725024013670708D8C3D8433705008063
:103C4800B7160240718FD8C3D043214733660601A7
:103C5800D0C3904132C63246719A32C63246136694
:103C6800160032C6324690C19047498E90C7D0435D
:103C7800719AD0C3D04313662600D0C3DC42B18BFF
:103C8800E39EE7FE410117C3FFFF6700A3713716E4
:103C9800024054420C4637877D01B18A21451307FB
:103CA80007846382A606B707112023A8E7163716EC
:103CB80002405442B7C71020938787379182BD8A44
:103CC800B69783C507005C42B70611209386862005
:103CD800C1838D8BB69783C60700B357B7003706E5
:103CE800112033D7D7002328E628B7F600E083A6AB
:103CF80006D11396F60063430600BA8737071120EA
:103D08002326F7168280B7060070F58DB707005096
:103D18006386F50A63FDB700B70700606382F5089C
:103D2800E393D5F83767730713070794ADBF91C9B5
:103D3800B7070040E399F5F637479C1C130707803F
:103D48009DB70C4614461C461305000A93F6060E4A
:103D5800A18393F7F703FD8985076380A6081305F8
:103D6800000E6383A60813060008638EC6081306B0
:103D7800000C6381C60AB357F70205671307075596
:103D88003357B700058B21C337C71020130787386F
:103D98002E9703470700B307F70213D7170021B779
:103DA800545AB7C7102093878736C182B69783C7FE
:103DB8000700B387E70213D71700F5B53767CD1D9E
:103DC80013070750CDB537C71020130787382E972C
:103DD800034707003307F702F9B53767CD1D130707
:103DE8000750B357F70251BF505AB7C610209386F1
:103DF80086364182B29683C606003387E60205837B
:103E0800B357F7029DBF37479C1C13070780B3576A
:103E1800F702A5B73767730713070794B357F70275
:103E2800A9BFB707112083A7072937E71B43130743
:103E380037E8B3B7E7021307803E37061120B70605
:103E48001120C9833387E702231CF62823AAE62812
:103E5800828037F700E05C43B7061120F99B5CC30A
:103E680083D78629232407009146B387A7021CCB52
:103E780014C31C4393E717001CC35C43858BF5DF11
:103E88001C43F99B1CC3828037F700E05C43B706EC
:103E98001120F99B5CC383A6462923240700914778
:103EA8003305D50208CB1CC31C4393E717001CC37A
:103EB8005C43858BF5DF1C43F99B1CC3828017C3C9
:103EC800FFFFE702A34B2A841165011185451505FB
:103ED80002C202C402C602C802CA02CC02CE9710AD
:103EE8000000E780E0A8371501401D46130505804E
:103EF800A54597000000E780201F3715014093066D
:103F080000200D47E1474C00130505802312D1001E
:103F18003AC43EC697000000E780600C3745014070
:103F2800B70708000C08130505803ECC22C8231EDD
:103F3800010002CA97100000E780401C3745014085
:103F480013050580854597100000E780C0290561A5
:103F580017C3FFFF6700034517C3FFFFE7020342CC
:103F68003289635FC0022E84B384C500374501409F
:103F7800130505809305000497100000E780A02929
:103F880075D583050400374501400504C2051305AE
:103F98000580C18197100000E780A026E31894FCF3
:103FA8004A8517C3FFFF6700E33FB706112003A741
:103FB8004617B7071820938707803A9563ECA70040
:103FC800B7571720938707B96366F50023AAA61683
:103FD8003A8582807D573A85828083AE850083D674
:103FE800050093F70E0113FFFE00A9C30328C501BE
:103FF800136F1F00814705438D4FC1483317F300E6
:1040080033F6E600631FC700139E1700D8413396A6
:10401800CF011346F6FF337806013317C70133681B
:1040280007018507E39C17FD232E050193F7F60F7B
:10403800A1CB0C4181470543BD4F130E800293026B
:104048008004A14821A08507638B17033317F30069
:1040580033F6E600E319C7FE139627003398CF001E
:104068001348F8FFB375B8003316CF00D18D6389B4
:10407800CE07E39A5EFC18C98507E39917FD0CC1C2
:104088009307F00F63FBD7044C4101470543BD4F2D
:10409800130E800293028004A14821A00507630D36
:1040A800170393078700B317F30033F6F600E39777
:1040B800C7FE131627003398CF001348F8FFB375CF
:1040C800B8003316CF00D18D638ACE01E3985EFC29
:1040D8001CC90507E31717FD4CC182805CC97DBF69
:1040E80058C995B79D4763F8B704B7170140E1155C
:1040F8009387078093F5F50F37170140630EF5088E
:10410800B7170140938707C0630CF5106309E50EE4
:10411800B7170140938707406306F514B727014096
:10412800938707806304F51CB7270140938707C06E
:10413800630CF5168280B7170140938707803717FD
:104148000140630CF506930707C0630CF50E63077F
:10415800E508B7170140938707406306F512B727AC
:104168000140938707806302F516B72701409387BC
:1041780007C0E311F5FC3707014054578A05BD47CE
:10418800B397B70093C7F7FFF58F5CD75C57B315A4
:10419800B600DD8D4CD782803707014014478A0569
:1041A800BD47B397B70093C7F7FFF58F1CC71C47E8
:1041B800B315B600DD8D0CC7828037070140544324
:1041C8008A05BD47B397B70093C7F7FFF58F5CC360
:1041D8005C43B315B600DD8D4CC3828037070140C0
:1041E800544B8A05BD47B397B70093C7F7FFF58FC0
:1041F8005CCB5C4BB315B600DD8D4CCB82803707AA
:104208000140144F8A05BD47B397B70093C7F7FF1E
:10421800F58F1CCF1C4FB315B600DD8D0CCF8280F7
:1042280037070140144B8A05BD47B397B70093C7BA
:10423800F7FFF58F1CCB1C4BB315B600DD8D0CCBEF
:1042480082803707014054478A05BD47B397B700B6
:1042580093C7F7FFF58F5CC75C47B315B600DD8DD4
:104268004CC782803707014014538A05BD47B3976E
:10427800B70093C7F7FFF58F1CD31C53B315B600CF
:10428800DD8D0CD3828037070140544F8A05BD4726
:10429800B397B70093C7F7FFF58F5CCF5C4FB315A3
:1042A800B600DD8D4CCF828037070140145B8A054C
:1042B800BD47B397B70093C7F7FFF58F1CDB1C5BAF
:1042C800B315B600DD8D0CDB8280370701405453EF
:1042D8008A05BD47B397B70093C7F7FFF58F5CD33F
:1042E8005C53B315B600DD8D4CD38280370701408F
:1042F80014578A05BD47B397B70093C7F7FFF58FE3
:104308001CD71C57B315B600DD8D0CD7828017C398
:10431800FFFFE702A306411185451305C00F02C23E
:1043280002C402C697000000E7808064970000007E
:10433800E780A07A37F7FF1F8327477093F6070FA8
:10434800638406223707714193F7F7F01307D750B4
:10435800638DE724636AF712370750411307D75074
:104368006382E730370760411307D7506399E71036
:104378003715014003264580130505808147054808
:10438800BD48A145138787003317E8009376F78F58
:1043980081EE58C913972700B396E80093C6F6FF35
:1043A800758E3397E500598E8507E39DB7FCB717DF
:1043B800014023A2C7804000930740C03715014041
:1043C800A285130505C02312F100930780023EC69B
:1043D80097000000E780A0C0B718014003A6480076
:1043E800C975FD15814705483D4321451387870059
:1043F8003317E800B376B70089EE23AAE8001397CD
:104408002700B316E30093C6F6FF758E3317E50051
:10441800598E8507E39CA7FCB7170140D0C31385C5
:104428000740130780029307309FA2852312F100EB
:104438003AC697000000E78080BAA1673725014097
:104448009387F7DFA28513078002130505802312DF
:10445800F1003AC697000000E78060B89567A2852A
:104468009387F7833725014013078002130505C09A
:104478003AC62312F10097000000E78040B64101D8
:1044880017C3FFFF670003F2370772411307D750BE
:10449800E397E7FE896740009387F7FD37150140EA
:1044A8002312F100A28593078002130505803EC6FA
:1044B80097000000E780A0B2617737150140130725
:1044C800C70F93078002A285130505C02312E100D8
:1044D8003EC697000000E78080B0930780023EC682
:1044E800F97793870703A285371501402312F10056
:1044F80097000000E780A0AE37150140032645402D
:104508001305054081470548BD48A1451387870025
:104518003317E8009376F7CF81EE58C91397270031
:10452800B396E80093C6F6FF758E3397E500598E6B
:104538008507E39DB7FCB717014023A2C7408967E9
:10454800F117372501402312F100130505801307E1
:104558008002A2853AC697000000E78040A89167CC
:10456800A285938707FCFDBD8545370500801304A8
:10457800477097000000E7808041B787004083A616
:10458800474281453705008093E6160023A2D742AB
:1045980097000000E780A03F1C40370771411307D0
:1045A800D75093F7F7F0E397E7DA40009307E01C5A
:1045B80037150140A285130505802312F1009307E2
:1045C80080023EC697000000E78060A1617737153A
:1045D80001401307470E93078002A285130505C003
:1045E8002312E1003EC697000000E780409F930732
:1045F80080023EC6F97793870703A28537150140E5
:104608002312F10097000000E780609D37150140F4
:10461800032645401305054081470548BD48A14587
:10462800138787003317E8009376F7CF81EE58C9D0
:1046380013972700B396E80093C6F6FF758E339755
:10464800E500598E8507E39DB7FCB717014023A203
:10465800C7403725014093074038130505802312CA
:10466800F100F5B53715014083264580130505800F
:10467800014705483D4321469308001093078700EA
:10468800B317F80093F7F7EF89EF93172700B315DF
:10469800F30093C5F5FFED8EB317F600232A150135
:1046A800DD8E0507E31CC7FCB7170140371501402D
:1046B80023A2D780032605C0130505C081470548F6
:1046C800BD48A1453317F8009376B7FD81EE58C968
:1046D80013972700B396E80093C6F6FF758E3397B5
:1046E800E500598E8507E39FB7FCB717014023A063
:1046F800C7C0F97713048002938707024C00371567
:1047080001402312F10022C697000000E780208DA7
:1047180037150140DD574C001305054022C623120A
:10472800F10097000000E780808B37250140930750
:1047380070784C001305058022C62312F1009700FB
:104748000000E780C089A167372501404C009387A6
:1047580077FC130505C022C62312F100970000005C
:10476800E780E087410117C3FFFF6700A3C3B716BF
:104778000240DC42904637877D01B18BA145130783
:1047880007846389B70A18C1371602405442B7C76D
:1047980010209387873B9182BD8AB69783C507000F
:1047A8005C42B706112093868621C1838D8BB6970C
:1047B80083C707003357B700B7F600E0B357F700D1
:1047C8005CC183A606D11396F6006352060418C589
:1047D80037170240544363C306045043B7061120F9
:1047E800938606212D821D8AB29603C60600584379
:1047F800B70611209386C62039830D8B3697034759
:104808000700B3D7C700B3D7E7025CC582803E87ED
:1048180018C5371702405443E3D106FC5843B7473D
:104828009C1C938707802D837D8B1507B3D7E702E0
:104838005CC58280B70500706D8EB70700506305B0
:10484800F60A63FDC700B70700606301F608E31CBA
:10485800B6F2376773071307079435B711CAB70756
:104868000040E312F6F237479C1C1307078021BF6C
:104878008C4690469C461308000A1376060EA183C0
:1048880093F7F703FD898507630F06071308000EE2
:104898006302060993060008630DD6089306000C08
:1048A8006300D60AB357F70205671307075533574E
:1048B800B700058B1DCF37C710201307873C2E97ED
:1048C800034707003307F702058375BDD45AB7C7F6
:1048D80010209387873AC182B69783C70700B387AA
:1048E800E70213D7170045B53767CD1D13070750E3
:1048F80059BD37C710201307873C2E970347070079
:104908003307F70249B53767CD1D13070750B3576B
:10491800F70259BFD05AB7C610209386863A41820B
:10492800B29683C606003387E6020583B357F702BB
:10493800A5BF37479C1C13070780B357F702ADB7CD
:104948003767730713070794B357F702B1BF99C5C1
:10495800371702401C4FC98F1CCF8280B7170240FF
:10496800984F1345F5FF798D88CF828099C5371701
:1049780002405C4FC98F5CCF8280B7170240D84F86
:104988001345F5FF798DC8CF828099C53717024046
:104998001C53C98F1CD38280B71702409853134504
:1049A800F5FF798D88D38280B7D7FEBF93870740FC
:1049B800AA9783D6450003D70500A9C7B7D7FEBF76
:1049C800938707C0AA979DCFB70700C0AA97A5CB22
:1049D800B70700C0938707C0AA97B5C3B70700C039
:1049E80093870780AA97A1CFB7F7FFBF93870740A0
:1049F800AA97B1C72316D5022314E5028547231ABF
:104A0800F50082808357050003D825004166130608
:104A1800F6F8F18F03D66500B3E7070193F7F7CFF0
:104A2800D18F2310F5002316D5022314E50283C77E
:104A380085002318F5028547231AF50082808357DD
:104A4800050003D8250041661306F6F8F18F03D652
:104A58006500B3E7070193F7F7CFD18F2310F5006F
:104A68002316D5022314E5028547231AF500828010
:104A78008357050091C593E717002310F50082803E
:104A880041677917F98F2310F50082808357C50095
:104A980009C6CD8F2316F500828093C5F5FFED8FEB
:104AA8002316F5008280035545038280035585034C
:104AB8008280035705018357C5006D8FED8F33370B
:104AC800E000B337F0003375F700828093C5F5FF37
:104AD8002318B5008280011106CE22CC0010B7073A
:104AE80000089C432326F4FE97000000E780A002FC
:104AF800AA872326F4FE8327C4FE93F707F023260C
:104B0800F4FE8327C4FE99833E85F2406244056122
:104B18008280B7270240C84F09818280B7270240A8
:104B280003A8C702B70700102A863378F800B7072A
:104B380000F8AA97B7260240630B080837070F004A
:104B48001305F00F63F9E70AB307B60037070F0834
:104B58001305D00F6361F70AB367B600CE07D1EB30
:104B6800C9C93707674513073712B797EFCDD8C2BA
:104B78009387B79ADCC2D8D2DCD2C16763FEF51638
:104B88000145014813D7D500B726024089659C4ADC
:104B980093E727009CCAD0CA9C4A93E707049CCA9B
:104BA800DC46858BF5FF9C4A7D172E96F59B9CCAA3
:104BB80079FF631E0520B7270240984BA16611456F
:104BC800558F98CB984B1367070898CB8280378707
:104BD80007001305F00F63F0E702B307B600378745
:104BE80007081305D00F6368F700B367B600D2074C
:104BF80081C71305E00F8280EDDD3707674513078E
:104C08003712B797EFCDD8C29387B79ADCC2D8D2FC
:104C1800DCD2A16763E9F50A9388F7FFB378160138
:104C28003385F5403387174146953308E600638995
:104C38000816636BF51CB306A8009397160193DE5C
:104C48001701428E81C7617E33FEC601B306D54186
:104C58003705FCFF93D5F6007D15B72602403703CC
:104C68000400A1689C4AB3E767009CCA23AA06010E
:104C78009C4A93E707049CCADC46858BF5FF9C4A4F
:104C8800FD154698E98F9CCAF1FD76857288631DEB
:104C9800071615D1935615003727024005661C4B99
:104CA80093E727001CCB232A07011C4B93E7070433
:104CB8001CCB5C47858BF5FF1C4BFD163298F59B8A
:104CC8001CCBF1FECDBD014513D7C500B726024068
:104CD80085659C4A93E727009CCAD0CA9C4A93E7FB
:104CE80007049CCADC46858BF5FF9C4A7D172E96E7
:104CF800F59B9CCA79FF71BF9318060193D80801E8
:104D08003385F5403387174146953308E6006399A4
:104D1800080E9C4A37070400D98F9CCAD0CA9C4AFF
:104D280093E707049CCAD846058B75FF9C4AB705CC
:104D3800FCFFFD15ED8F9CCAC167E36CF5E6B30770
:104D4800A800139E0701135E0E01C28E63050E00B4
:104D5800C17EB3FED701B306C5413705FCFF93D525
:104D680006017D15B726024037030400C1689C4A36
:104D7800B3E767009CCA23AA06019C4A93E7070485
:104D88009CCADC46858BF5FF9C4AFD154698E98F41
:104D98009CCAF1FD72857688E30D07E0BA85DDB31C
:104DA8009C4A37070400D98F9CCAD0CA9C4A93E70B
:104DB80007049CCAD846058B75FF9C4AB705FCFFBB
:104DC800FD15ED8F9CCAA167E377F5E6D9B5935633
:104DD800D5003727024009661C4B93E727001CCBF8
:104DE800232A07011C4B93E707041CCB5C47858BE0
:104DF800F5FF1C4BFD163298F59B1CCBF1FE65BBED
:104E0800E37FF5F2BA85BDBBBA857DBDB727024001
:104E18009387C7029C43370700F8AE8693953700FF
:104E28002A9763D20502B7050F009307F00F637A3C
:104E3800B7003307C500B7050F089307D00F63F213
:104E4800E5023E858280B78507009307F00FE37A75
:104E5800B7FE3307C500B78507089307D00FE3E20D
:104E6800E5FEB367C50093F7F70F91E309E69307EB
:104E7800E00F3E858280B705674537270240938556
:104E88003512B797EFCD4CC39387B79A5CC34CD311
:104E9800137606F0938806104173B305D5405CD3AA
:104EA8003388C60046857D13C16E370E20001C4B23
:104EB800B3E7D7011CCB5C47858BF5FF5C47898B33
:104EC800F5FF9042B387B600910690C35C47898B83
:104ED800F5FFE398A6FE1C4BC686B3E7C7011CCBBB
:104EE8005C47858BF5FF1C4B13050510B3F767006E
:104EF8001CCB638508019388081055BF144B2166A5
:104F08009147D18E14CB144B3E8593E6060814CBFB
:104F1800828017B3FFFFE702634697F0FFFFE78041
:104F280040B997F0FFFFE780C0D697F0FFFFE78012
:104F380080EF71651305052097F0FFFFE78060F8A3
:104F480097000000E7800011B7E700E0370704008A
:104F580023A2E77237F700E0832707D193E7070218
:104F68002328F7D097C0FFFFE78060C897C0FFFFEE
:104F7800E78080FDE5BF357106CF16CDF3223000FE
:104F88002AC5371500402EC316CB1AC91EC732C111
:104F9800B6DEBADCBEDAC2D8C6D6F2D4F6D2FAD0B9
:104FA800FECE82E686E48AE28EE012FE16FC1AFA4B
:104FB8001EF82AF62EF432F236F03AEE3EEC42EAC9
:104FC80046E872E613050540854576E47AE27EE018
:104FD80097000000E78020AE39E9FA40DA42739082
:104FE8003200EA424A43BA432A459A450A46F656E7
:104FF8006657D6574658B658265E965E065FF64FF1
:105008003660A660166186617272E2725273C2736C
:105018003275A275127682767267E2675268C26844
:10502800326EA26E126F826F0D61730020303715D9
:10503800004013050540854597000000E78040A91A
:10504800370711208327C7298507232EF72871B72B
:1050580017B3FFFFE70283320111854513050002EC
:1050680097000000E780A092080897F0FFFFE7800C
:105078004070D24737E71B43130737E8B3B7E70257
:10508800371500401307703E4C00130505402314E4
:10509800E100231301002315010023160100C98331
:1050A800FD172312F10097000000E78020903715C4
:1050B80000400546B28513050540231805009700F2
:1050C8000000E780E09CB7E700E01307000237150F
:1050D80000401305054023A6E7108545970000000A
:1050E800E7804099056117B3FFFF6700A32BB70757
:1050F800112003A5C729828017B3FFFFE702032801
:105108000357050183D76500F576FD16758FD98F8E
:1051180001112A842318F50003D5850083D745009B
:1051280003D6A5000357C4008D669386369FC98FA2
:10513800758FD18FD98F2316F4000357440183D775
:10514800C50008081377F7CFD98F231AF4002EC6A5
:1051580097F0FFFFE780E0615245B245814693171B
:1051680015003387A7009041B337F7009355F50131
:10517800AE97931537002E9575838E07BA97B3357A
:10518800B5000A06BE9597500000E780C0ACB78608
:10519800EB519386F651B337D502130640069305B3
:1051A800F06395833386C70213974700B307C5405A
:1051B80092079387270363FBF500930707012314DE
:1051C800F400056117B3FFFF6700C31DB3B7D7022B
:1051D8009583D98F2314F400056117B3FFFF670087
:1051E800631C8357C50091C50967D98F2316F5003D
:1051F800828079777D17F98F2316F500828093F5E1
:10520800F51F2312B5008280035545001375F51F5D
:105218008280035505006D8D3335A000828017B359
:10522800FFFFE702E3139307F5FF894941112A8934
:105238002E8A63EDF90E854537C410209314550066
:105248001304843E2E85269497F0FFFFE780407272
:105258008347840048406388370F854597F0FFFFF0
:10526800E780E0725C4C084C854585495D8D97F078
:10527800FFFFE780E06F0346B4008345D400084889
:10528800CA948A0497F0FFFFE78000E68347D400BA
:1052980008488A85B397F9002310F1008D473EC26C
:1052A800E1473EC42311010097F0FFFFE78020D3B8
:1052B8000346C4008345E400484897F0FFFFE780B1
:1052C800A0E28347E40048481147B397F9008A856C
:1052D8003AC42310F1002311010023120100231303
:1052E800010097F0FFFFE78080CF0840B14702C474
:1052F8008A852315F10052C002C202C69700000039
:10530800E780C0DF0840CE8597000000E780A0ED69
:105318003745172013054530269523100508231116
:105328000508410117B3FFFF6700030785452E8570
:1053380097F0FFFFE780C06337C41020931459002B
:10534800130484401165854597F0FFFFE7804062AC
:1053580011BF83870500ADC317B3FFFFE702430002
:105368001307F5FF133737002E891DEFB7C9102033
:105378009389894003A40900050993F4F70F93055D
:105388000008228597000000E780E0E86DD9A6852F
:10539800228597000000E780C0E683070900F9FB33
:1053A80017B3FFFF670043FF37C710201605130721
:1053B800873EB309E5007DBF828017B3FFFFE70290
:1053C800E3FB1307F5FF894763E5E702B7C710203A
:1053D8009387873E16053E9508419305000297007E
:1053E8000000E78040E33335A00017B3FFFF6700F4
:1053F80063FB3745014093050002130505809700BC
:105408000000E78040E13335A00017B3FFFF6700D5
:1054180063F917B3FFFFE702A3F41307F5FF894702
:10542800AA842E89328B63E7E714B7C710209387C5
:10543800873E131A5500D29783AA0700B749172049
:1054480033049A00938949300A044E949305000264
:10545800568597000000E78000DCAA8756859DCF17
:1054680097000000E78080DA835704080357240870
:10547800850793F7F707E38BE7FC035704089305C1
:10548800000222972300A70056852310F4089700EE
:105498000000E78040D8AA875685F9F333079A00B9
:1054A8000A074E978356270803560708939706015D
:1054B800C183638CC60A8146A94531A003560708F3
:1054C80085066304F60A3306F700034606008507D7
:1054D80093F7F707E314B6FE9308FBFF014601456F
:1054E800B9C6B3079A008A07CE97354363501505A6
:1054F80083D5070803D727086387E50603D7270856
:105508003E978345070003D7270813F8F50F0507CB
:105518001377F7072391E708638765003307A90026
:105528002300070105050506E312D6FC2A99B307EF
:105538009A008A07CE9783D6070803D7270823003F
:105548000900638EE60003D727083E970347070044
:1055580003D7270805071377F7072391E70817B339
:10556800FFFF670063E3014855BF014517B3FFFF1D
:10557800670083E2B74A0140938A0A80131A5500EC
:1055880075BD03D7250083D7050083D6450003D60C
:105598006500D98F03D78500D58F83D6A50003D89A
:1055A800C500D18FD98F03D6E50003570500D58FE5
:1055B8008D6693860604B3E70701758FD18FD98F5F
:1055C8002310F5008357C5017D7783D6050113079E
:1055D800F77FF98F231EF5002318D50082808357A3
:1055E800050091C593E707042310F5008280416701
:1055F8001307F7FBF98F2310F50082802316B500F7
:1056080082800355C5008280035585006D8D333532
:10561800A0008280D0419C4103A88500B776004055
:10562800CC450567D18F791703A60640B3E7070174
:105638003317A700CD8F1347F7FFB397A700718FD4
:10564800D98F23A0F6408280377700408326074011
:105658008547B397A70089C5D58F2320F740828057
:1056680093C7F7FFF58F2320F74082804111B77762
:10567800004002C6938707403EC6B247A107AA97D3
:105688003EC6B2478CC3410182804111B7770040C2
:1056980002C6938707403EC6B247D107AA973EC6BF
:1056A800B2478CC34101828017B3FFFFE70203CDE5
:1056B80011477971630AE50895466307D500456186
:1056C80017B3FFFF670003CE85453705002097F025
:1056D800FFFFE780C02B1145854597F0FFFFE78066
:1056E800202937150140930700024C08130505804F
:1056F800231AF100231B0100231C0100231D0100B4
:10570800231E0100231F010097F0FFFFE780208D73
:1057180089470C1041453ED602D002D202D49700E8
:105728000000E78060EF8545414597000000E7806D
:10573800E0F18145014597000000E78040F54561AB
:1057480017B3FFFF670003C62AC685453705002043
:1057580097F0FFFFE780A0233245854597F0FFFFCC
:10576800E780002137150140C1474C081305058023
:10577800231AF100231B0100231C0100231D010033
:10578800231E0100231F010097F0FFFFE7802085FB
:1057980089470C1001453ED602D002D202D49700A8
:1057A8000000E78060E78545014597000000E78035
:1057B800E0E98145014597000000E78060EB45611D
:1057C80017B3FFFF670003BE17B3FFFFE70203BB72
:1057D80091476309F50095476306F50217B3FFFF84
:1057E800670043BC0567AE8763FEE5029395070132
:1057F800C181014597000000E78080E717B3FFFFEC
:10580800670043BA0567AE8763F9E5029395070118
:10581800C181014597000000E78060E717B3FFFFEB
:10582800670043B89307F7FF93950701C1810145C6
:1058380097000000E780C0E3D1B79307F7FF93957F
:105848000701C181014597000000E78040E4F9B7EE
:1058580017B3FFFFE70283B21307F5FFAD47411106
:10586800AE8463ECE702B7C710209387874613140A
:1058780045003E94B74717200A05938747510347C9
:105888008400AA9790C3894748406314F702854566
:1058980097F0FFFFE780C00D15A0B74717200A054E
:1058A80093874751AA9737C4102090C3130484489C
:1058B8000545854597F0FFFFE780600D0A8597F05D
:1058C800FFFFE78000EB9247854563E49700B3D577
:1058D80097028147C16619A06381D7083E8685076C
:1058E80033D7F5027D17E379D7FE08408A8523125E
:1058F800E1002310C1002311010023130100231428
:10590800010097F0FFFFE780600A0840854597F09F
:10591800FFFFE780E01B08400546B28597F0FFFFD0
:10592800E78000175C44B7E600E085453386F6005B
:1059380013D757002300B6401307070408400A0787
:10594800BA96B397F5009CC297F0FFFFE7808012E4
:10595800410117B3FFFF6700E3A41387F7FF3A86F7
:1059680069B717B3FFFFE70263A11307F5FFAD4758
:105978002A8463E2E704B7C710209314450093878D
:105988008746BE948840814597F0FFFFE780800EE8
:1059980088400146854597F0FFFFE780600F37454F
:1059A80017200A041305455122952320050017B333
:1059B800FFFF6700239FB7C41020938484483705EE
:1059C8000040D1B7357106CF16CDF32230002AC575
:1059D800373501402EC316CB1AC91EC732C1B6DEF1
:1059E800BADCBEDAC2D8C6D6F2D4F6D2FAD0FECE27
:1059F80082E686E48AE28EE012FE16FC1AFA1EF8A7
:105A08002AF62EF432F236F03AEE3EEC42EA46E856
:105A180072E6130505C0854576E47AE27EE097F0E4
:105A2800FFFFE78040093DE137350140130505C018
:105A380097100000E78000BFFA40DA427390320006
:105A4800EA424A43BA432A459A450A46F6566657F1
:105A5800D6574658B658265E965E065FF64F3660AD
:105A6800A660166186617272E2725273C2733275F1
:105A7800A275127682767267E2675268C268326EE1
:105A8800A26E126F826F0D617300203037350140AE
:105A9800130505C0854597F0FFFFE7806003B7470A
:105AA800172093874751D84341D3DC438297ADBF32
:105AB800357106CF16CDF32230002AC52EC316CB7A
:105AC8001AC91EC732C1B6DEBADCBEDAC2D8C6D61B
:105AD800F2D4F6D2FAD0FECE82E686E48AE28EE0EE
:105AE80012FE16FC1AFA1EF82AF62EF432F236F0D6
:105AF8003AEE3EEC42EA46E872E685453705004054
:105B080076E47AE27EE097F0FFFFE780C0FA2DE1C5
:105B18003705004097100000E780C0B0FA40DA422D
:105B280073903200EA424A43BA432A459A450A46E4
:105B3800F6566657D6574658B658265E965E065F9E
:105B4800F64F3660A660166186617272E272527311
:105B5800C2733275A275127682767267E2675268EE
:105B6800C268326EA26E126F826F0D6173002030B0
:105B780085453705004097F0FFFFE78060F5B74798
:105B8800172093874751984741D79C47829749B731
:105B9800357106CF16CDF32230002AC537050040EF
:105BA8002EC316CB1AC91EC732C1B6DEBADCBEDA9E
:105BB800C2D8C6D6F2D4F6D2FAD0FECE82E686E4B1
:105BC8008AE28EE012FE16FC1AFA1EF82AF62EF465
:105BD80032F236F03AEE3EEC42EA46E872E6130557
:105BE8000540854576E47AE27EE097F0FFFFE7809E
:105BF80080EC3DE137050040130505409710000093
:105C0800E78040A2FA40DA4273903200EA424A43FF
:105C1800BA432A459A450A46F6566657D65746580D
:105C2800B658265E965E065FF64F3660A660166129
:105C380086617272E2725273C2733275A2751276FD
:105C480082767267E2675268C268326EA26E126F1D
:105C5800826F0D6173002030370500401305054041
:105C6800854597F0FFFFE780A0E6B74717209387A1
:105C78004751D84741D3DC478297ADBF357106CF2E
:105C880016CDF32230002AC5371500402EC316CB97
:105C98001AC91EC732C1B6DEBADCBEDAC2D8C6D649
:105CA800F2D4F6D2FAD0FECE82E686E48AE28EE01C
:105CB80012FE16FC1AFA1EF82AF62EF432F236F004
:105CC8003AEE3EEC42EA46E872E613050580854561
:105CD80076E47AE27EE097F0FFFFE780C0DD3DE101
:105CE800371500401305058097100000E780809362
:105CF800FA40DA4273903200EA424A43BA432A45EC
:105D08009A450A46F6566657D6574658B658265EF6
:105D1800965E065FF64F3660A660166186617272FF
:105D2800E2725273C2733275A27512768276726706
:105D3800E2675268C268326EA26E126F826F0D619E
:105D4800730020303715004013050580854597F00E
:105D5800FFFFE780E0D7B747172093874751984B55
:105D680041D39C4B8297ADBF357106CF16CDF32238
:105D780030002AC5371500402EC316CB1AC91EC7D6
:105D880032C1B6DEBADCBEDAC2D8C6D6F2D4F6D292
:105D9800FAD0FECE82E686E48AE28EE012FE16FC97
:105DA8001AFA1EF82AF62EF432F236F03AEE3EECE3
:105DB80042EA46E872E6130505C0854576E47AE2CC
:105DC8007EE097F0FFFFE78000CF3DE13715004008
:105DD800130505C097100000E780C084FA40DA4236
:105DE80073903200EA424A43BA432A459A450A4622
:105DF800F6566657D6574658B658265E965E065FDC
:105E0800F64F3660A660166186617272E27252734E
:105E1800C2733275A275127682767267E26752682B
:105E2800C268326EA26E126F826F0D6173002030ED
:105E380037150040130505C0854597F0FFFFE7803B
:105E480020C9B747172093874751D84B41D3DC4B1C
:105E58008297ADBF357106CF16CDF32230002AC523
:105E68002EC316CB1AC91EC732C1B6DEBADCBEDADB
:105E7800C2D8C6D6F2D4F6D2FAD0FECE82E686E4EE
:105E88008AE28EE012FE16FC1AFA1EF82AF62EF4A2
:105E980032F236F03AEE3EEC42EA46E872E68545E2
:105EA8003715004076E47AE27EE097F0FFFFE7805E
:105EB80080C02DE13715004097000000E78080760C
:105EC800FA40DA4273903200EA424A43BA432A451A
:105ED8009A450A46F6566657D6574658B658265E25
:105EE800965E065FF64F3660A6601661866172722E
:105EF800E2725273C2733275A27512768276726735
:105F0800E2675268C268326EA26E126F826F0D61CC
:105F18007300203085453715004097F0FFFFE78074
:105F280020BBB747172093874751984F41D79C4FBD
:105F3800829749B7357106CF16CDF32230002AC5AE
:105F4800373501402EC316CB1AC91EC732C1B6DE7B
:105F5800BADCBEDAC2D8C6D6F2D4F6D2FAD0FECEB1
:105F680082E686E48AE28EE012FE16FC1AFA1EF831
:105F78002AF62EF432F236F03AEE3EEC42EA46E8E1
:105F880072E613050540854576E47AE27EE097F0EF
:105F9800FFFFE78040B23DE137350140130505407A
:105FA80097000000E7800068FA40DA4273903200F8
:105FB800EA424A43BA432A459A450A46F65666577C
:105FC800D6574658B658265E965E065FF64F366038
:105FD800A660166186617272E2725273C27332757C
:105FE800A275127682767267E2675268C268326E6C
:105FF800A26E126F826F0D61730020303735014039
:1060080013050540854597F0FFFFE78060ACB7476B
:10601800172093874751985341D39C538297ADBF1C
:10602800357106CF16CDF32230002AC53755014009
:106038002EC316CB1AC91EC732C1B6DEBADCBEDA09
:10604800C2D8C6D6F2D4F6D2FAD0FECE82E686E41C
:106058008AE28EE012FE16FC1AFA1EF82AF62EF4D0
:1060680032F236F03AEE3EEC42EA46E872E61305C2
:1060780005C0854576E47AE27EE097F0FFFFE78089
:1060880080A33DE137550140130505C09700000086
:10609800E7804059FA40DA4273903200EA424A43B4
:1060A800BA432A459A450A46F6566657D657465879
:1060B800B658265E965E065FF64F3660A660166195
:1060C80086617272E2725273C2733275A275127669
:1060D80082767267E2675268C268326EA26E126F89
:1060E800826F0D617300203037550140130505C0DC
:1060F800854597F0FFFFE780A09DB7471720938756
:106108004751D85341D3DC538297ADBF357106CF81
:1061180016CDF32230002AC52EC316CB1AC91EC7C6
:1061280032C1B6DEBADCBEDAC2D8C6D6F2D4F6D2EE
:10613800FAD0FECE82E686E48AE28EE012FE16FCF3
:106148001AFA1EF82AF62EF432F236F03AEE3EEC3F
:1061580042EA46E872E685453755014076E47AE238
:106168007EE097F0FFFFE78000952DE1375501406D
:1061780097000000E780004BFA40DA427390320043
:10618800EA424A43BA432A459A450A46F6566657AA
:10619800D6574658B658265E965E065FF64F366066
:1061A800A660166186617272E2725273C2733275AA
:1061B800A275127682767267E2675268C268326E9A
:1061C800A26E126F826F0D617300203085453755BE
:1061D800014097F0FFFFE780A08FB747172093870C
:1061E8004751985741D79C57829749B7357106CF81
:1061F80016CDF32230002AC5375501402EC316CBE1
:106208001AC91EC732C1B6DEBADCBEDAC2D8C6D6D3
:10621800F2D4F6D2FAD0FECE82E686E48AE28EE0A6
:1062280012FE16FC1AFA1EF82AF62EF432F236F08E
:106238003AEE3EEC42EA46E872E61305054085452B
:1062480076E47AE27EE097F0FFFFE780C0863DE1E2
:10625800375501401305054097000000E780803C52
:10626800FA40DA4273903200EA424A43BA432A4576
:106278009A450A46F6566657D6574658B658265E81
:10628800965E065FF64F3660A6601661866172728A
:10629800E2725273C2733275A27512768276726791
:1062A800E2675268C268326EA26E126F826F0D6129
:1062B800730020303755014013050540854597F098
:1062C800FFFFE780E080B747172093874751D857EB
:1062D80041D3DC578297ADBF357106CF16CDF32277
:1062E80030002AC5374501402EC316CB1AC91EC730
:1062F80032C1B6DEBADCBEDAC2D8C6D6F2D4F6D21D
:10630800FAD0FECE82E686E48AE28EE012FE16FC21
:106318001AFA1EF82AF62EF432F236F03AEE3EEC6D
:1063280042EA46E872E6130505C0854576E47AE256
:106338007EE097E0FFFFE78000783DE137450140C8
:10634800130505C097000000E780C02DFA40DA4227
:1063580073903200EA424A43BA432A459A450A46AC
:10636800F6566657D6574658B658265E965E065F66
:10637800F64F3660A660166186617272E2725273D9
:10638800C2733275A275127682767267E2675268B6
:10639800C268326EA26E126F826F0D617300203078
:1063A80037450140130505C0854597E0FFFFE780A5
:1063B8002072B747172093874751985B41D39C5B5E
:1063C8008297ADBF17A3FFFFE70243FBB737014032
:1063D800938707C06306F508B70700406306F50C06
:1063E800938707406304F50CB7170040938707802D
:1063F8006300F50CB7170040938707C0630CF50AD4
:10640800B7370140938707406306F50017A3FFFFDE
:10641800670043F9A14489452A8497E0FFFFE78094
:10642800806939E59145228597E0FFFFE780A068FC
:1064380071DD9145228597E0FFFFE780606922853D
:1064480097E0FFFFE780C06637471720939744001F
:10645800130787543E9748C317A3FFFF670083F4C9
:10646800894585442A8497E0FFFFE780C0645DD9A9
:106478002285894597E0FFFFE7808065228597E0C0
:10648800FFFFE780806259DDB74717201397440064
:1064980093878754BA97D84788C385462384D700FB
:1064A80051D388430297BDBF8944B5B78D44A5B77A
:1064B800914495B7954485B7357106CF16CDF3222B
:1064C80030002AC53735014016CB1AC91EC72EC35E
:1064D80032C1B6DEBADCBEDAC2D8C6D6F2D4F6D23B
:1064E800FAD0FECE82E686E48AE28EE012FE16FC40
:1064F8001AFA1EF82AF62EF432F236F03AEE3EEC8C
:1065080042EA46E872E6130505C076E47AE27EE0E0
:1065180097000000E78040EBFA40DA4273903200BF
:10652800EA424A43BA432A459A450A46F656665706
:10653800D6574658B658265E965E065FF64F3660C2
:10654800A660166186617272E2725273C273327506
:10655800A275127682767267E2675268C268326EF6
:10656800A26E126F826F0D6173002030357106CFF5
:1065780016CDF32230002AC53735014016CB1AC98B
:106588001EC72EC332C1B6DEBADCBEDAC2D8C6D642
:10659800F2D4F6D2FAD0FECE82E686E48AE28EE023
:1065A80012FE16FC1AFA1EF82AF62EF432F236F00B
:1065B8003AEE3EEC42EA46E872E61305054076E418
:1065C8007AE27EE097000000E78000E0FA40DA42D5
:1065D80073903200EA424A43BA432A459A450A462A
:1065E800F6566657D6574658B658265E965E065FE4
:1065F800F64F3660A660166186617272E272527357
:10660800C2733275A275127682767267E267526833
:10661800C268326EA26E126F826F0D6173002030F5
:1066280017030000670043DA1C4189C593E7170088
:106638001CC1828041677917F98F1CC1828008418B
:106648006D8D0D8D1335150082804CC1828071715E
:1066580006D716D5F32230002ACD2ECB16D31AD161
:106668001ECF32C936C73AC53EC342C1C6DEF2DCC8
:10667800F6DAFAD8FED682EE86EC8AEA8EE892E658
:1066880096E49AE29EE02AFE2EFC32FA36F83AF6B2
:106698003EF442F246F072EE89453705024076EC48
:1066A8007AEA7EE897000000E780A0F939E9BA5055
:1066B8009A5273903200AA520A53FA436A45DA454D
:1066C8004A46BA462A479A470A48F658665ED65E48
:1066D800465FB65F7660E6605661C6613662A6625E
:1066E800166386637275E2755276C2763277A27740
:1066F80012788278726EE26E526FC26F4D617300CB
:10670800203089453705024097000000E78020F4D3
:10671800370711208327472AADC78326472AC16731
:10672800F91763E6D7008327472AC207C1833705CD
:106738000240210581453EC697000000E78000EF32
:10674800370611208326862AB2473705024054C9E6
:1067580021055CC185453EC697000000E78000ED35
:1067680037061120370711208325862A8326472AD2
:10677800B247BE95B387F6402324B62A2322F72AC8
:106788003DB7B707112005472380E72A0DB7B7772C
:10679800004098431377F7DF98C39843498F98C30D
:1067A8008280B77700409843F9769386F63F758FD5
:1067B80098C39843598D88C38280B73702400547EC
:1067C80098C78280B737024088C38843828085454E
:1067D8001305000417E3FFFF6700A3171703000062
:1067E8006700E3FD17030000670003FEB7370240A8
:1067F8008843828017A3FFFFE70243B82A843745FE
:10680800004013050580894597F0FFFFE78000E009
:106818007DD537450040A2851305058097F0FFFF19
:10682800E78000DE3745004013050580854597F071
:10683800FFFFE780A0DD7DD53745004013050580C3
:1068480097F0FFFFE78020DC1375F50F17A3FFFF14
:10685800670043B517A3FFFFE70283B0B7170140EE
:10686800214798CB3709112083479917AA8A2E8A7E
:106878001305F00F638C071A97000000E780C0F734
:10688800294597D0FFFFE780005DB71701402147F2
:10689800D8CB834799171305F00F6387071A97001A
:1068A8000000E78060F5294597D0FFFFE780A05AF0
:1068B800834799173164130404359309F00F6392E1
:1068C800071A1305F00F97000000E780E0F27D1427
:1068D800AA84420441801305F00F63883403630ED1
:1068E800041E83479917F1DF97000000E780C0F086
:1068F800AA847D14294597D0FFFFE780C05542043C
:1069080041801305F00FE39C34FD83479917639A80
:106918000714568597000000E78000EE8347991713
:1069280013558A01638F071497000000E780C0ECB5
:10693800294597D0FFFFE7800052834799171355E1
:106948000A011375F50F638A071497000000E780A2
:10695800A0EA294597D0FFFFE780E04F83479917C2
:1069680013558A001375F50F638507149700000007
:10697800E78080E8294597D0FFFFE780C04D83472F
:1069880099171375FA0F6380071497000000E780C2
:10699800A0E6294597D0FFFFE780E04B9307000466
:1069A800130550096389FA009307800413057008DA
:1069B8006383FA00054583479917638B071097008F
:1069C8000000E78060E3294597D0FFFFE780A048F3
:1069D800294425A097000000E78000E2AA84294501
:1069E80097D0FFFFE7802047939784017D14E187C4
:1069F8001374F40F63D707020DC48347991713055F
:106A0800F00FE9FB1305F00F97000000E780C0DEE8
:106A1800AA84939784017D14E1871374F40FE3CD5E
:106A280007FC268517A3FFFF670003979700000060
:106A3800E78080DCB71701402147D8CB83479917F7
:106A48001305F00FE39D07E497000000E780C0DA24
:106A5800834799173164130404359309F00FE382CF
:106A680007E6568597000000E78000D9294597D0AA
:106A7800FFFFE780403E8347991713558A01E39546
:106A880007EA97000000E78020D783479917135536
:106A98000A011375F50FE39A07EA97000000E780EB
:106AA800A0D58347991713558A001375F50FE39FEF
:106AB80007EA97000000E78020D4834799171375E9
:106AC800FA0FE39407EC97000000E780E0D2F9B5ED
:106AD80097000000E78040D2E5BDB7170140214785
:106AE8009304F00F98CB268517A3FFFF6700C38A8E
:106AF80017A3FFFFE702C38679718545554502C88C
:106B080002CA02CC02CE02D002D202D4231601025B
:106B180097E0FFFFE780C0E585453745001097E01F
:106B2800FFFFE780C0E61305002097000000E7801C
:106B380040C60565130505C097000000E780A0C69C
:106B4800C147B305F10021448D44371501403ECCBF
:106B58002318810026CA97D0FFFFE7804048B7195D
:106B6800014037150140154623A889001305058003
:106B7800B14597D0FFFFE78020570C0826CA138538
:106B88000980E144056926CC2318210197D0FFFF2D
:106B9800E780E04415464E85854597D0FFFFE7809E
:106BA800A0540C0826CC4E8589442318910097D010
:106BB800FFFFE780C042A68515464E8597D0FFFFA8
:106BC800E780805291470C084E852318F1003ECC8F
:106BD80097D0FFFFE780A040374500409D47370624
:106BE8000401B7060002130780036C08130505802B
:106BF8002316F10232CE36D23AD402D097F0FFFFF4
:106C0800E78060983745004013050580854597F073
:106C1800FFFFE780009DB70411208547A38CF41679
:106C280023A88900294405A097000000E780C0BC7C
:106C38007D1429451374F40F97D0FFFFE780A02136
:106C480005C083C794171305F00FF9FF7D141305CA
:106C5800F00F1374F40F97000000E780E0B975F0A7
:106C680081451305000497000000E780E0BE8547D2
:106C7800AA89630FF502B7071120A386072A2147BF
:106C8800B717014098CB83C79417FDEB1305F00F96
:106C980097000000E78040B68547370711203E84FB
:106CA800230CF716228545611793FFFF6700C36E13
:106CB8009305A01A1305800497000000E780C0B967
:106CC800631C350D930AC1019309C101130901021F
:106CD80083C794171305F00F638E071497000000FD
:106CE800E78080B12AC6294597D0FFFFE780A01624
:106CF800B2472380F9008509E31C39FD0347E10108
:106D080085473A8AE319F7F60347F1019307A00A82
:106D1800E313F7F689699389097129A8FD19C2094E
:106D28001305400693D9090197D0FFFFE780A01209
:106D3800E38309F481451305700797000000E78095
:106D4800A0B1AA87B705004013059006E368FAFCCE
:106D580097000000E78040B071F181451305A00756
:106D680097000000E78040AF71CD83C794173707BD
:106D78001120A306072AA1463717014014CB99D73B
:106D88001305F00F97000000E78000A7294597D06A
:106D9800FFFFE780400C09B781451305700797008E
:106DA8000000E78060AB63E0A90281451305900607
:106DB80097000000E78040AA63E7A900A55A89491F
:106DC8009307900621A093071004BE8A096913FA55
:106DD800F70F1309097163C80A02814552859700A4
:106DE8000000E78060A7630B05107D1942091305B1
:106DF80040061359090197D0FFFFE780C005E30C4F
:106E080009E6E3DC0AFC81451305700797000000DA
:106E1800E78080A48547E3F2A7FC7D1942091305A2
:106E280040061359090197D0FFFFE780C002E31C11
:106E380009FC91B51305F00F97000000E780C09B8F
:106E4800AA8745BD83C794171305F00FE5C79700B8
:106E58000000E780609AAA89294597D0FFFFE7805C
:106E680080FF23803A0193871A00BE8AE31CF9FC4D
:106E78008347C10103C7941793F70704E1C7B7070E
:106E88001120B146A386D72AB7170140A14694CB53
:106E98001305F00F59CB97000000E780E0952945CE
:106EA80097D0FFFFE78020FB37450040130505809A
:106EB800814597E0FFFFE780C07237450040835760
:106EC800058013050580854593F777FC93E707014F
:106ED8002310F50097E0FFFFE780A0703707112027
:106EE80083478717A38C0416228593F7E70F230C93
:106EF800F71645611793FFFF6700034A93050020C3
:106F08001305000597000000E780009583C79417D4
:106F1800E31F05E437071120A306372BA1463717CF
:106F2800014014CB1305F00FBDF797000000E78070
:106F3800A08C9DBF1305F00F97000000E780C08B61
:106F4800AA8905B7B707112091462DBF1793FFFFF0
:106F5800E7020340B707112083CC871793FC1C0076
:106F680063970C16B707112083C7D72A2E8AA18BDF
:106F780063840718630E061493090520D285130548
:106F88001005B30A4601B70411201309F00F130CBA
:106F9800E00FB71B0140214B97000000E780C08B32
:106FA800631505102964130404C40DA0970000009C
:106FB800E78080847D142A8D4204294597D0FFFFFD
:106FC800E78060E9418063142D0365C083C7941787
:106FD8001305F00FE1FF1305F00F97000000E7809D
:106FE800A0817D1442042A8D4180E3002DFF631E99
:106FF8008D0B138409E039A897F0FFFFE780C07F65
:107008002A8D294597D0FFFFE780E0E4A30FA4FF6E
:107018006303340383C794171305F00F0504E9FFCE
:107028001305F00F97F0FFFFE780007D2A8DA30F6F
:10703800A4FFE31134FF83C794171305F00FC5CBE2
:1070480097F0FFFFE780407B294597D0FFFFE78057
:1070580080E083C794171305F00FC9C797F0FFFFA7
:10706800E7808079294597D0FFFFE780C0DE23A815
:107078006B0183C794171305F00FA5C397F0FFFFA3
:10708800E7808077294597D0FFFFE780C0DC050AB5
:1070980093890920630E5A03D2851305100597F0CA
:1070A800FFFFE780607BE30F05EEB717014021473C
:1070B80098CB83C794171305F00FB1C397F0FFFF60
:1070C800E7808073294597D0FFFFE780C0D8854CBB
:1070D80066851793FFFF6700632B97F0FFFFE78034
:1070E800A07175B797F0FFFFE780007149B797F077
:1070F800FFFFE7806070B1BF139A9500A5BD97F0B8
:10710800FFFFE780606FE1B71793FFFFE7024324B3
:10711800B707112083CC871793FC1C00639B0C10C6
:10712800B707112083C7D72A2A8AAE89A18B63891A
:10713800071C63010610CE8513058005B30A3601C6
:10714800B704112097F0FFFFE780007183C79417F9
:1071580013090A20154B371C0140A14B631B05146A
:107168001305E00F6384071697F0FFFFE780C068F8
:10717800294597D0FFFFE78000CE528429A897F0D1
:10718800FFFFE78060672945050497D0FFFFE78088
:1071980080CC630E240183C7941703450400E5F3EC
:1071A800050497F0FFFFE7802065E31624FF83C7F7
:1071B80094171305F00F638B071297F0FFFFE78012
:1071C800A063294597D0FFFFE780E0C883C79417DD
:1071D8001305F00F6387071097F0FFFFE780C06182
:1071E800294597D0FFFFE78000C783C79417130589
:1071F800F00FF5C397F0FFFFE78000602A84294568
:1072080097D0FFFFE78020C57D8863026405B71724
:107218000140214798CB83C79417CDC31305F00FBE
:1072280097F0FFFFE780405D294597D0FFFFE78093
:1072380080C2854C66851793FFFF670023151305E9
:10724800F00F97F0FFFFE780205B2A840DE083C7EB
:1072580094171305F00FE5D797F0FFFFE780C059A3
:107268002A84294597D0FFFFE780E0BE6DD0232808
:107278007C0183C794171305F00FB5CF97F0FFFF74
:10728800E7808057294597D0FFFFE780C0BC850974
:10729800130A0A2013090920E38E59F9CE8513052C
:1072A800800597F0FFFFE780205B83C79417E30909
:1072B80005EA37170140A14614CBADF31305F00FCB
:1072C80097F0FFFFE7804053854CADB797F0FFFF7D
:1072D800E78080525DB597F0FFFFE780E0512A8490
:1072E80025B797F0FFFFE780205101B797F0FFFF20
:1072F800E7808050E1BD97F0FFFFE780E04F41BF96
:10730800939995003DB51793FFFFE70223074111B5
:1073180097F0FFFFE780007EAA8719C53E854101E7
:107328001793FFFF670003082AC6B7C51020374523
:107338001720938585F5130585610546972000007C
:10734800E78040D1B24701ED370711208546230673
:10735800D72A3E8541011793FFFF6700A304B707AB
:1073680011202386072A89473E8541011793FFFF8D
:1073780067004303B707112003C5D72A8280B707E0
:10738800112003C5C72A8280B707112083C7871732
:10739800ED9B99C3014582801793FFFFE70243FCE9
:1073A800411181451305900497F0FFFFE780C04A1B
:1073B80049ED2964130404C4370911209309F00F17
:1073C8000DA097F0FFFFE78020437D14AA844204B4
:1073D800294597D0FFFFE78000A8418063943403D4
:1073E8003DC4834799171305F00FE1FF1305F00F0C
:1073F80097F0FFFFE78040407D144204AA84418053
:10740800E38034FF9307E00F6393F4040A8405A034
:1074180097F0FFFFE780403EAA84294597D0FFFFF9
:10742800E78060A3A30F94FE1C08630FF40483474E
:1074380099171305F00F0504E1FF1305F00F97F0F6
:10744800FFFFE780603BAA84F1BF37091120B71717
:107458000140214798CB834799171305F00F85C33F
:1074680097F0FFFFE7804039294597D0FFFFE78075
:10747800809E014541011793FFFF6700E3F197F0F4
:10748800FFFFE7806037F5B7834799171305F00FBB
:10749800C9EB97F0FFFFE78020368347991713055C
:1074A800F00FD1CB97F0FFFFE7800035294597D043
:1074B800FFFFE780409AB7170140214798CB8347E1
:1074C80099171305F00FADCF97F0FFFFE780C03293
:1074D800294597D0FFFFE78000988347010085463C
:1074E8000347710099836382D706034581000346E9
:1074F8006100834751008345A100834691000A0734
:1075080019810D8ABD8B9D818606598D2A06AE97F5
:1075180013F76600518DBA970505E5173315F50081
:1075280091BF97F0FFFFE780202D294597D0FFFFF7
:10753800E78060929DB797F0FFFFE780E02BA5BF3B
:1075480097F0FFFFE780402B49BF835681001377F0
:10755800F703420793D78600A206B697C207C183EE
:107568005D8F930717001395A70029B71793FFFF9F
:10757800E702C3E097000000E78000E0133515003C
:107588001793FFFF670003E21793FFFFE70203DF8C
:1075980097000000E780E0DE11C501451793FFFF63
:1075A800670043E097000000E78000DD7DF597F075
:1075B800FFFFE78020543335A0001793FFFF6700D3
:1075C80063DE1793FFFFE70263DB2E85B2853686FD
:1075D80097000000E780C0973335A0001793FFFF9E
:1075E800670043DC1793FFFFE70243D92E85B28576
:1075F800368697000000E78060B13335A000179306
:10760800FFFF670023DA89476383F50463EAB7025B
:107618008DCD1793FFFFE70263D6411132C697005D
:107628000000E780A0D6324608C297000000E78035
:10763800E0D51335150041011793FFFF670083D686
:107648008D47639CF50085471CC2014582809307DE
:1076580000202310F60001458280114582803705FD
:10766800215A82800C41B9C52E8783060700050779
:1076780093F7F60F93B70702138666FC91E375F646
:107688001306A00381476384C6003E8582808386F3
:1076980005002546FD57938606FD13F8F60FE366A9
:1076A80006FF8905E313B7FEB687894663C4F6006B
:1076B80018C1E1BFFD57D1BF01CD184111CB834699
:1076C800070099C603564500835667006306D6002F
:1076D800814725459CC182801793FFFFE70203CAB3
:1076E80041112AC6034517002EC497000000E78001
:1076F80020E80589A24509E9B2479C439CC141019C
:107708001793FFFF670003CA81479CC125454101C4
:107718001793FFFF670003C98347350081E7814658
:10772800368582801793FFFFE70243C5AA87105961
:107738000345150041119385470385463EC42EC66F
:1077480097000000E78040EA85461DE1A24703A8AC
:107758000703D853D04FA38107003307E840637865
:10776800C70003C527000947B2456309E5008146FC
:10777800368541011793FFFF6700C3C203C5170091
:10778800429697000000E78020E68146D5B7179318
:10779800FFFFE702E3BC2E89AA8497000000E78078
:1077A800E0F72A842DE19C4C9305E9FF0149F9177C
:1077B80063F8F50003D9A400DC543309B9023E99F3
:1077C80023A82403138544031306002081459790BA
:1077D800FFFFE780E0BD83D7A40089E715A0050473
:1077E8006370F40203C51400854633068900938547
:1077F800440397000000E78020DF83D7A40065D109
:107808001D8C3334800022851793FFFF6700C3B8AF
:107818001793FFFFE70283B6034735004111AA8794
:1078280015E783C607000D47638AE60603C51700F8
:107838000146814597000000E78020DDB336A000AF
:10784800368541011793FFFF6700C3B510590345FB
:1078580015009385470385463EC42EC69700000051
:10786800E78080D8854669FDA24703A80703D85357
:10787800D04FA38107003307E840E374C7FA03C574
:1078880027000947B245E31EE5F803C517004296ED
:1078980097000000E78040D5A24761B783C647003C
:1078A8000547E395E6F8138547031306002081454D
:1078B80036C63EC49790FFFFE78080AFA247AA85EF
:1078C800130E500503A84701984B905303C51700A2
:1078D8001303A0FAB24693530801935288012389EF
:1078E800C723A3896722130E2005238E07211303BC
:1078F80010069308100413548800935F8700130838
:107908002007135F07010506935E8701A38E872072
:10791800238F7720A38F57202380E722A380F72384
:107928002381E723A381D72390DB238AC703A38A74
:10793800C703238B6702A38D6720A38B1703238DAF
:107948001721238C0721A38C072197000000E780CB
:10795800A0C9A24723820700D1BD10596315B600FC
:107968008146368582801793FFFFE70223A183466D
:1079780035002E874111AA87930545038DEA03C573
:10798800170085463A863EC43AC297000000E78051
:1079980080C31247A247AA8601E998DB36854101D0
:1079A8001793FFFF670003A085467D57FDB7034582
:1079B80015009385470385463AC63EC42EC29700F4
:1079C8000000E78060C2854671F9A24792453247B8
:1079D80003A80703C853D04FA38107003305A84065
:1079E800E37FC5F883C827000945E39AA8F803C5CB
:1079F8001700429697000000E78000BF3247A24771
:107A08009245B5BF1793FFFFE70243970348050068
:107A180089470111AE866307F80A8D456302B804E9
:107A280085456319B80293D716004C51B69793D879
:107A38009700C69536C83EC642CC32CE2ACA9700B1
:107A48000000E780C0F1B247C2465247624872461A
:107A580045C985473E8505611793FFFF67008394F5
:107A68005C5193D5760032CABE952AC836C69700AF
:107A78000000E780C0EE71FDB246424752468A06D2
:107A880093F6C61FBA9683C7760312061182C19B66
:107A9800E207D18F13D5870093D5070113D6870145
:107AA800238AF602A38AA6028547238BB602A38BF4
:107AB800C602A301F70081473E8505611793FFFFC2
:107AC8006700438E5C51A18132CABE952AC836C66A
:107AD80097000000E780A0E82DFDB24642475246D5
:107AE800860693F6E61FB307D70093568600238AC7
:107AF800C702A38AD7028547A301F70081476DBF54
:107B08001303470393F8F71F8507858A3ECC1ACAE3
:107B18009A9893D59700A1C283C60800131E460001
:107B28003A85BD8AB3E6C6012380D8005453A30121
:107B3800070132C8B6953AC697000000E78020E2F0
:107B480009F9E2474246524393F7F71F32473E93FB
:107B5800935746002DA82380C8005453A30107015A
:107B68003A85B69532C83AC697000000E78020DF0C
:107B7800E31105EEE2475243424693F7F71F3E935F
:107B880083470300218232473D8AC19BD18F23005E
:107B9800F3008547A301F700814739BF854763FE96
:107BA800B704144D63FBD5041783FFFFE702037D79
:107BB80083460500094641112E876385C6080D4690
:107BC800638FC6026395F602545193D71500AE979A
:107BD8002EC493D59700B6953EC22AC697000000DA
:107BE800E780E0D792472247324851C5FD573E8586
:107BF80041011783FFFF6700E37A3E8582805C516D
:107C08009D812AC4BE953AC297000000E78020D51E
:107C180071FD124722489315270093F5C51F3307B6
:107C2800B8000346570383454703834777038346D2
:107C3800670322064D8E13970601BD8B518FE2070D
:107C4800D98F75B75C51A1812AC4BE953AC29700F5
:107C58000000E780C0D059F9124722489315170051
:107C680093F5E51F3307B8008347570303474703D6
:107C7800A207D98FADBF032648029386170093D574
:107C8800960093F7F71FC297B295428503C447033E
:107C98003AC636C442C297000000E78040CC39F5A6
:107CA800A2461248324793F6F61FC29683C7460388
:107CB80093751700A207C18F99C191830DBFD20791
:107CC800D18335B7854763F0B70A1783FFFFE7020B
:107CD800236904412E899C4C63F2F508AA892685FC
:107CE80025EECA8597000000E78080EB2A84054AC4
:107CF800FD5A0146CA85268539C8630144076303CE
:107D080054099C4C637CF90497000000E780C0CFBD
:107D180039E59C4CD84822899386E7FF130617005B
:107D28006379D70003C74400D0C8136717002382BC
:107D3800E400637EF40003A50900CA8597000000EB
:107D4800E78000E62A840146CA8526855DF4014558
:107D58001783FFFF670043646369F60009451783CB
:107D6800FFFF67006363094582809307F6FFFDD72D
:107D7800B2857D5697000000E78000C96DF103A524
:107D8800090085B705451783FFFF6700E360178380
:107D9800FFFFE702E35C832A050041112A892E8A46
:107DA800A5ED83A40A0183A74A01B9E8B9CF03A7BF
:107DB8008A0185442684854939A029CBA1CA63064E
:107DC800940403A78A0105046365E400638F340300
:107DD800094403250900A28597000000E78040DCDC
:107DE800AA871307F5FF9306150061F9854763E134
:107DF800871085473E8541011783FFFF6700C359F8
:107E080003A78A01E3F4E4FAD5F781473E854101E7
:107E18001783FFFF67004358568597000000E780E7
:107E280020D80547AA87E376A7FC7D576309E50CA8
:107E380003A78A01E36CE5FC83A74A01F9D7130479
:107E48001A006363E400094403250900A28597002A
:107E58000000E780E0D41307F5FFAA8745DB130786
:107E680015004DD703A78A01BA8611C983A40A0150
:107E7800854763F49700E3EFE4F2D28425BFA28735
:107E88006DDCE3F8D7F67D56BE8556853EC697006D
:107E98000000E78060B72DE1B247631B0A0229EDB5
:107EA80003A78A0183A64A0123A8FA007917636504
:107EB800D700FD1623AADA0003C74A003E851367D8
:107EC80017002382EA0041011783FFFF6700C34CB4
:107ED8000547E300EAF203A78A01E37CEAF03E865D
:107EE800D285568597000000E78000B2B24745BFAB
:107EF80083A68A01A28771B78547E31CF5EEFD5773
:107F080031B71849B7062000AA8713070702636626
:107F1800D70023AC070011458280104D144165DE5F
:107F28001378F71F631F080CAE884C49050610CD5F
:107F3800F9C103D6A600135597007D16698E71E224
:107F48001783FFFFE70283430111368546CE3ECCF7
:107F58003ACA32C842C636C497000000E78040C417
:107F6800AA850545A246324842465247E247F248AA
:107F7800637AB50A7D55638DA508884E63E6A50426
:107F8800638A0808CC4B3E853EC642C832CA36C40E
:107F98003ACC97000000E780C0DFAA851D45B9C527
:107FA80005456381A5087D556384A50622452ECE27
:107FB80097F0FFFFE780E07D21EDA2466247524639
:107FC800884E4248B247F245CCCB7915F91563F88B
:107FD800A50003D6A600C8563306B6022A9693868D
:107FE8004603C29690CFD4CF98CB0145056117833D
:107FF800FFFF6700233B03D6860093555700E3FA3B
:10800800C5F093864603C296D4CF98CB01458280AB
:108018000545E9BF23AC0700114505611783FFFF3C
:10802800670043380945D9B71783FFFFE702433391
:10803800B709E0FFFD09B3F93501639E09042E84F1
:108048000C4500C9032A05002A89A1CD8354AA003A
:10805800A604636F94085285FD5A054B19A8637CE2
:10806800AB0283278A016378F502636594080325C8
:10807800090097000000E780A0B2AA85058CE310EC
:1080880055FF85494E851783FFFF6700E330232C92
:108098000900232AB90089494E851783FFFF670025
:1080A800A32F03470A00894763EFE70283578A0033
:1080B80013575400E371F7FE83278A02232CF90033
:1080C800232AB900E9DB1377F41F130A4A03258032
:1080D8003E943A9A232E4901232C89004E85178312
:1080E800FFFF6700632B83278A02E9D3BE85B9BFE8
:1080F80083278A01F9171387E5FFE37AF7F883578F
:10810800AA008326CA02B387E702B69745BF17833A
:10811800FFFFE702E3234111814503290500AA8BEC
:1081280097000000E78080F02A8435E17D5A130B20
:10813800F00F23A64B03DA849309500EBD4A83A59A
:108148008B014A8597000000E78060812A8421E13D
:1081580083A6CB0103C70600630B071683C7B600C7
:1081680013F6F7032383CB0063073701A18B6388DA
:1081780007106304560323A64B039304F00F8145AD
:108188005E8597000000E78000D82A844DD92285B3
:1081980041011783FFFF6700631F83C7BB0293F783
:1081A8000704F1FF937707046380071283A70B0185
:1081B80003CBD6001377F70B23A6FB0283C7D600A1
:1081C800E39D67FB83C7B60103C6A601A207D18F4B
:1081D800CDF783C706008325C90037C6102093F75B
:1081E800F703FD172E8D93951700BE958A05130684
:1081F800865BB384F5001308D600054403450600E2
:10820800A28836958347150003450500A20733E485
:10821800A70022856384080C9307F00FE3EF97F417
:1082280032C236C43AC697200000E780C0932A8C31
:10823800139514006A950355050097200000E78000
:10824800809212460506E31AACF2B7C710201388CD
:10825800575CA24632478504E312C8FA83C6060073
:108268009982858A89CA01C893951400B304BD0010
:1082780083D7040099F37D179374F70F09B79DC04E
:1082880083C7BB02858BE39807EE36852D46938519
:108298000B0297200000E78000FFE30A05EE23A603
:1082A8004B03E1BD9385B60036870346070093D795
:1082B80014009E04A6970507B29793F4F70FE316E8
:1082C800B7FEE31F9BFAE1B5E399E4EAC5BD1144A3
:1082D800228541011783FFFF6700430B41657D1528
:1082E80029A8E30AC8F883450600B69583C7150090
:1082F80083C50500A20733E4B7000506E303A4FE1F
:10830800ADBD1783FFFFE702230483870500032C15
:1083180005004111138747FAAE842A8A01C793875B
:1083280017FD91EB838714008504138717FD938746
:1083380047FA6DDBE5DB23240A0003C504007D4B07
:10834800E287637CAB32B7CB1020938BCBF5930AD3
:10835800F00783ACC70009E923900C0019454101D7
:108368001783FFFF670043028504E6890144130D64
:10837800F00F9305501B97100000E780207C2A8996
:10838800930715FD130745FA71D9AA855E856377AA
:108398002B036386071C6304071C63E72A019720E5
:1083A8000000E780A0F05DF98504E309A4FB2390B1
:1083B800290103C5F4FF0504890945FD114D49DC70
:1083C80013171400669719A07D1459D48357E7FF33
:1083D8007917938607FE938727FDFDD6F5D7931760
:1083E80014003387FC002310070003D50C00930703
:1083F80000026313F52A93872C008146BE8503D6B5
:108408000700890736898506E30AA6FE09098D470C
:10841800336DFD009306E002BA8703D7E7FFF9172B
:108428006304D7007D1475F8130600022300CA02FE
:10843800A300CA022301CA02A301CA022302CA0274
:10844800A302CA022303CA02A303CA022304CA025C
:10845800A304CA022305CA0283D90500638E09084A
:10846800814D214801472D436383C912938729FD14
:1084780099E3631E2411637807176306241763E1E1
:108488003A1937C51020130585F6CE8542C43AC27D
:1084980097200000E78080E1124722481306000277
:1084A8002D436302051C136D3D009309F005B306C7
:1084B800EA0023803603050793171900E69783D946
:1084C80007000509E39209FA03470A029307500EC9
:1084D8006315F70095472300FA02A147630CF80AD1
:1084E80093F7CD0031476387E70093F73D000D47C9
:1084F8006398E70A136D2D00A305AA035285970018
:108508000000E78000C18347BA0271E1918BE398CC
:1085180007E483476A00C18BE9C303270A0193076D
:108528004C0303460C001377F71FBA9703C7B7012C
:1085380083C5A7018D4622074D8F631BD60083C6CE
:10854800570103C6470193978600D18FC2075D8FF5
:108558002324EA0003C5040083270A00DDBB8387C0
:108568000400138717FD01C7138747FA11EB8387A8
:1085780014008504138717FD938647FA6DDBE5DA47
:1085880093F7F70F93B70702139D27000DBD136DDF
:108598003D001DB78A0D13F7CD00B147E30CF7F482
:1085A80093772D00B1FB13F71D00120793F74D00C9
:1085B800336DED00B1D3136D8D00A305AA03528569
:1085C80097000000E780E0B48347BA0221D1114741
:1085D800E317E5D8E98FE39407D8154541011783D8
:1085E800FFFF670063DA6302680E63062401136DF8
:1085F8003D00E36B24ED8A0D22892D4821476DBD8E
:1086080093672D004E859305501B42C43AC23EC65F
:1086180097100000E780604D9377050812472248BD
:10862800AA89130600022D4391CFB7C7102093796A
:10863800F50793878753CE9783C90700324DE384A4
:1086480009E681B59307F00FE3FAA7FE9307F8FF51
:108658006379F706B307EA0093568500324D05079C
:108668002380D702A9B59387F9FBC207C183E546E2
:1086780063EBF60293ED2D001DBD930700F8A305EB
:10868800FA025285814597000000E780209A41014F
:108698001783FFFF670043CF130525FD814711CDE1
:1086A800E6850549B5B39387F9F9C207C183E3E0C5
:1086B800F6E093ED1D008119DDBB8D47E685054980
:1086C80081BB136D3D004287C5BB03470A02930770
:1086D800500E136D3D00E311F7E295472300FA02AF
:1086E800314793F7CD00E387E7E093F73D000D4767
:1086F800E382E7E011B51783FFFFE702E3C4034A0B
:10870800B5020111994D93790A0A6390090C004149
:108718000328C400835708006383072E93072800A3
:10872800014D03D707008907050D65FF1C55145136
:1087380058513ECE36CA3ACC93771A002A8BC1EFED
:10874800A284137A2A00854A630D0A00B7F7C44E3B
:10875800930ACD009387F7C4B3BAFA0293DA2A00D2
:10876800850A81455A8597000000E780208CAA8DEC
:1087780029ED09A89DCB814D97F0FFFFE780A078F0
:108788006311052883258B01268597F0FFFFE78075
:10879800001DAA8785455A85AE9D9DE78327CB0195
:1087A80083C707001387B7F171F7E397BAFDFD1A7E
:1087B80063970A1483258B01228597F0FFFFE780D2
:1087C800001AAA8D63050524854D6E8505611783FA
:1087D800FFFF670063BB93070004C56AA305F502A2
:1087E800938A1A02854C130CC1001549930B900308
:1087F8009304E0078347E1015246E2460357C1016B
:108808002305FB022320CB022322DB022314EB02E5
:10881800E687636699091D4713F6F7007D179306E7
:108828000603B305EC00918363F4DB00930676033B
:10883800A380D50091C36DF3B30727002386970063
:1088480013060002814709E711A885076308F700A6
:10885800B306FB0083C60602E399C6FE9D4511A038
:108868000507930607028A9663E7E50603C6C6FE70
:108878008507B306FB00A38FC600E3F3F5FE5A8510
:1088880097000000E780E088AA8D15ED850C930716
:108898004006638CFC160328C400A9BF91E6035761
:1088A800080035DB0908C146139617009315F60032
:1088B80093771700FD16B2970583E3D105FEB3C77A
:1088C8005701FDF2E9BF9147E311F5F083240B004E
:1088D800A3054B03BDB5130600021D4521481387A8
:1088E8001700B306EB008907A38FC600B305FB008A
:1088F800E367E5F8A38FC500E39307FF49B783252E
:108908000B0193975A005A859D8D97F0FFFFE780DA
:10891800E071AA8DE31B05EA13070B029306BB025D
:108928000346070093D719009E09CE970507B2970B
:1089380093F9F70FE396E6FEB7C410209384845B9F
:10894800416C938BD4007D1C3D4A054983258B01DE
:10895800228597F0FFFFE7808000AA8DE31705E6E0
:1089680093F7FA0FFD170328CB0193951700BE95CF
:108978008A058328C400BE955683A3063801A3053B
:10898800480123060800230D0800A30D08001387DB
:108998001400854781461395150046953306F8005F
:1089A800638086038356050093D786002300D6008C
:1089B800A300F600F9EE6381EB0283470700050781
:1089C800FD5621A0834707000507C2972380D700DB
:1089D800A380D700E398EBFE136303042300680029
:1089E800A301240181455A8597F0FFFFE780A05134
:1089F800AA8DE31C05DCFD1AE39A0AF465BB014D58
:108A080035B39147AA8DE312F5DC9D4D7DBB032557
:108A1800CB011306000281459780FFFFE78040994C
:108A28008327CB0183468B0203479B02834E0B02AD
:108A3800034E1B0203432B0283483B0203484B02AD
:108A480003455B0283456B0203467B02A384E70070
:108A58002380D701A380C70123816700A381170161
:108A680023820701A382A7002383B700A383C7003B
:108A78002384D7008346AB0205472385D700834765
:108A8800BB028326CB01E18B2386F600A301E40019
:108A98002DBB85056386EB00834707000507E5BD09
:108AA800E38C86F38605AE9883D7080085FB2DB73F
:108AB8001783FFFFE702838C7D574111A30105004F
:108AC80018D9AA876395E50E03C6470303C737235A
:108AD80083C527239306860193F6F60F220793B6DC
:108AE80026004D8F81E6130656F14DE6AD66938656
:108AF80056A56307D70E83C6070403C6F7030D45BB
:108B0800A206D18E1386F6FF758E49EE938606E08F
:108B180003C6170463900612630E06109306F6FF49
:108B2800F18EC9E283C6370403C62704A206D18E94
:108B3800B5CA83C647040546FD16636DD60483C6C9
:108B4800670403C65704A206D18EA9C683C6870444
:108B580083C577041306F007A206CD8E6363D60299
:108B680083C5570503C5470503C6670583C677054B
:108B7800A205C98D42064D8EE206D18E416663EB91
:108B8800C60083C6B70403C6A704014593978600A9
:108B9800D18F89EB2D65130555A53305A7403335CE
:108BA800A000090541011773FFFF6700A37F034574
:108BB80015002E862EC68546938547033EC497F03A
:108BC800FFFFE78040A0A247324609C97D5798DBDE
:108BD800114541011773FFFF6700C37C90DBEDB5BA
:108BE800B7C5102013856708938505F721463AC64F
:108BF8003EC497100000E7800069AA86A247324762
:108C08000145CDD283C6070403C6F703A206D18E59
:108C18001386F6FF758E09EE03C6170411CA9386EC
:108C280006E099E69306F6FFF18E0945A5FEDDBD3F
:108C380009458DBF0D45BDB71773FFFFE7020374E4
:108C4800011123A005002EC632C497F0FFFFE7806C
:108C5800A0A1FD576301F52CB75717209387C7A428
:108C680093162500B69780432A87630C042AB245D9
:108C7800224680C1834704009374E60F95C72AC42F
:108C88000345140097F0FFFFE780808E9377150067
:108C9800224799EB81C411896316051A01450561BC
:108CA8001773FFFF670003701375F70FA300A40085
:108CB8002300040097F0FFFFE780408D137715002D
:108CC800AA870D4569FF81C4918B639D071681456D
:108CD800228597000000E780E0DD89476303F518E7
:108CE80091476302F524854763E7A7168347040481
:108CF8008346F40313070020A207D58F639DE7146A
:108D08008347B4040347A4040C58A207D98F99EFEA
:108D180083469405034684050347A4058347B405A1
:108D2800A206D18E4207558FE207D98F83464404A5
:108D38005CCC05461387F6FF2301D4001377F70FA1
:108D4800636BE610034614042315C400630506107C
:108D58001307F6FF718F6310071003456404034778
:108D680054042205598D2314A4001377F50065E7F0
:108D7800034784040348740422073367070115E393
:108D880083485405034344050348640503477405B1
:108D9800A208B3E86800420833681801620733671D
:108DA800070103483404834824042208336818015F
:108DB8006303080AB386F60293584500C298B6982A
:108DC800636B1709330717413353C7026365C70835
:108DD8003707001059176370E308416655162E9837
:108DE800AE9813072300636A66160566551618CCF5
:108DF8000CD023220403232614036378661221CDA2
:108E080006071307F71FC296258314D463E5E70402
:108E1800FD57130700F85CC81CC82302E400894703
:108E2800B70611202300F40083D7E62A3757172006
:108E38001307C78485072397F62A2313F40058C419
:108E48000145B1BD294505611773FFFF67008355CB
:108E58009147630AF50C354505611773FFFF6700F5
:108E68006354034FB41F834EB420034EB42183468A
:108E7800A41F0347A4208347A4210343B4228348A3
:108E8800C41F0348C4200345C421834FA42283453B
:108E9800C422220FA20E220E336FDF00B3EEEE00C3
:108EA800336EFE000346D41F8346D4200347D421E3
:108EB8008347D4222203C208420842053363F301E0
:108EC800C205B3E8E80162063368D801E2063365F3
:108ED800C5016207B3E56500E207CD8F3366160169
:108EE800B3E60601498F3ECE32C836CA3ACC1C08D2
:108EF80029A091071810E38DE7F48C430D45F5D9A7
:108F080022853EC497000000E780C0BA0547A24703
:108F1800E361A7FEE1BB2D4505611773FFFF6700FD
:108F280063483145ADBB05459DBB15D513161700E4
:108F38003A96058B05821307F71F36983297232434
:108F480004032583E3E9E7F0FD57130700F85CC83D
:108F58001CC82302E4008547E1B58346F4050346AF
:108F6800E40518CCA206D18E0CD0232204032326B4
:108F78001403558DE31105EE034514060348040652
:108F88000346240683463406220533650501420656
:108F98000A07498EE2061307F71FD18E258314D4DA
:108FA800E3EBE7EA83475406034644067D57A207E6
:108FB800930600F858C818C8D18F2302D400054773
:108FC8006384E7008D47A9BD8505228597F0FFFFDB
:108FD800E780E09865F983473423834624232D6787
:108FE800A20723020400D58F130757A5E39CE7FCCB
:108FF80083465403034644030347640383477403C7
:10900800A206D18E4207558FE207D98F37576141A3
:1090180013072725E398E7FA83469421034684211A
:109028000347A4218347B421A206D18E4207558F56
:10903800E207D98F3777416113072727E394E7F8C9
:10904800832704220327C4211CC858C88D47C9BBDD
:109058001773FFFFE702833201112AC668082EC47E
:109068002ECE32C297E0FFFFE7800060FD5763070E
:10907800F504B75717200A059387C7A43387A700B5
:109088001843124619C323000700324719C32300A7
:109098000700AA9798C3014511E605611773FFFFFA
:1090A800670043306C000146280097000000E78005
:1090B800E0B805611773FFFF6700C32E2D450561F2
:1090C8001773FFFF6700032E1773FFFFE70243299B
:1090D8005D712EC6630405203284AA849379F60351
:1090E8006C081376F603680097000000E78000B567
:1090F800AA8709C923A004003E8561611773FFFF91
:1091080067008329F247B2452AC208103E893ED03B
:1091180097F0FFFFE780201F92471377C40161E9AA
:109128008306B10463C3061C8346610279C7C58AF6
:10913800639F061A13774400631E071C218869C4BD
:109148003EC297E0FFFFE780C051725713560501F2
:1091580093568501935585002308C7002307A70068
:10916800A307B700A308D70072570D489247230CEE
:10917800C700230BA700A30BB700A30CD700725797
:10918800834609000344B7010346A7012204518C12
:10919800639A06018346570103464701A206D18E0A
:1091A800C206558C93060002A305D70072578D4658
:1091B800230D0700A30D0700034609006316D60018
:1091C800230A0700A30A070072578546230E0700E3
:1091D800A30E0700230F0700A30F0700A301D90060
:1091E8006314041813E709049379F70F31A801C72A
:1091F80011476302E510AA87F5BD13F7060175EB61
:10920800098819C0858AE5E60326090372578D4641
:1092180090D0D8D00344B7018345A701034609007D
:1092280022044D8C631AD600834657010346470132
:10923800A206D18EC206558C80C48345D70103454A
:10924800C7010346E7018346F701A205C98D131735
:109258000601035669004D8FE206D98E2392C40099
:1092680013858402D4C423A0240123883401A3884D
:10927800040023AE040023AA04001306002081453D
:109288003EC22A8A36C49770FFFFE780601213D760
:109298005900058B9247E30107E6A246E38E06E4F0
:1092A8000357A900D4C82607BA89637AD70E4A8516
:1092B800A2853EC436C297F0FFFFE780608E054660
:1092C8009246A2472A84130715006372A604B38640
:1092D800364139C363F2D9048840D9BFA5473E85D2
:1092E80061611773FFFF6700230B994721B59D47FD
:1092F80011B5914701B508103EC297F0FFFFE7800E
:10930800C03FE31A05EE924793E9890015BD88CC62
:109318008947CDB3A147F9BB80CC7D576304E404EA
:1093280013F7F61FE30A07DC032789017914791775
:10933800E370E4FE0357A9000326C9023307870236
:10934800329779D7A5823386E600D0CC0345190039
:10935800D28585463EC297E0FFFFE780C026924748
:10936800E30C05D8854779B33EC283270903081063
:109378000146A2853E8A97F0FFFFE780E094E31C50
:1093880005E6D2854A857D1497E0FFFFE780205DDA
:10939800232889009247E30705E48547A1BB80CCD1
:1093A80041B71773FFFFE702A3FB0111AE8423A0A7
:1093B80006006C083689B28A2A8497E0FFFFE780A6
:1093C800E02F254A45E1034A1401631D0A08834733
:1093D8000401858B638707145C488329C400B3891B
:1093E800F94063EA3A11638F090613F7F71F9305EB
:1093F80084025DEB724893D697000357A8007D1747
:10940800758F65C3084C832788017915F917637828
:10941800F5040356A8008327C8023305C5023E9504
:109428001DCD93D69900B307A700B9C2B305D700DD
:109438006374B600B306E640034518003E86A68569
:1094480036C23EC497E0FFFFE780E0175DE50307FB
:1094580004019246634E070E13969600ADA0094A82
:10946800A3084401528505611773FFFF6700C3F223
:10947800504C930584026305F60203070401930523
:1094880084026342070A034518003E8685463EC4A7
:109498002EC297E0FFFFE78000139245A24731ED07
:1094A80058485CCC1377F71F930700203386E740B2
:1094B80063F3C9004E86BA95268532C29770FFFFBE
:1094C800E78000F01246032709005C48B389C940C9
:1094D80032972320E900B2975CC8B294E39709F069
:1094E80051B78DE708448547E3FBA7F6FD576306A8
:1094F800F50008CC09BFD689FDB5054AA308440183
:10950800528505611773FFFF670003E90C4C08409B
:109518003AC442C297E0FFFFE780806822471248BA
:10952800D9B71D4A81B70345180085463EC642C4CF
:109538002EC297E0FFFFE780200B61F1034704018B
:10954800B24722481377F70792452308E40025BF5E
:10955800584CA247B307F740E3F0D7F0A607130625
:1095680000203385F400930584029770FFFFE7809D
:1095780020E5924613969600B9B71773FFFFE702E6
:1095880023DE01112E8923A006006C08B689B28457
:109598002A8497E0FFFFE7806012254A61E1034AC9
:1095A8001401631D0A0A034704019377270063899E
:1095B800071A5C48B386970063E3F612638C0410BD
:1095C80013F5F71F9305840255ED724893D697005B
:1095D8000357A8007D17758F19EF6396071608447F
:1095E800630D051285476308F506FD576304F514F6
:1095F8001C4408CCE5CB8307040163CA070E104C52
:10960800832788017916F9176377F6048357A8002A
:109618008326C8023306F602369615CE93D69400F2
:109628003A96B9C2B305D70063F4B700B386E740EA
:1096380003451800CA8536C632C497E0FFFFE780A5
:10964800A0FA6DE94C4C2246B246918D63ECD510D8
:1096580013969600A9A8094AA308440152850561F2
:109668001773FFFF670043D35C4C48489305840297
:109678006387C7005C4493058402636AF51050CC85
:109688001375F51F930700203386A74063F3C400C2
:1096980026862E95CA8532C49770FFFFE78040D290
:1096A80083470401224693E707F82308F40003A739
:1096B80009005C485444329723A0E900B2975CC87B
:1096C800918C329963F3F600BE8654C4E39A04EE93
:1096D80003470401136707042308E40041B793C450
:1096E800F7FFE9BD8307040108C4E3DA07F0504C2B
:1096F800034518008546930584023AC642C497E09C
:10970800FFFFE78060EE1DE58347040132472248EA
:1097180093F7F7072308F400DDB5814522853AC69B
:1097280042C497E0FFFFE780C06622483247E31B48
:1097380005EA79BF054AA3084401528505611773F4
:10974800FFFF670063C50C4C22853AC642C497E008
:10975800FFFFE780006432472248E31505E88DBF24
:109768001D4AEDBDA60513060020CA9513058402FF
:1097780036C49770FFFFE780A0C483470401A24660
:1097880093F7F7072308F400139696000DB70345DF
:109798001800854632C62EC497E0FFFFE780A0E296
:1097A80051F948483246A245D9BD01CD1C4191CB5B
:1097B80003C7070019C78356450003D767006384AA
:1097C800E600254582801773FFFFE70223BB2A8442
:1097D80003C5170097E0FFFFE78080D9058961E995
:1097E8008347040113F7070405C71840E207E18718
:1097F800BA8463C3070C97E0FFFFE78080E60C504C
:109808002A89268597E0FFFFE780601511C5054581
:109818001773FFFF670003B95C508D4603C7B70095
:1098280013670702A385E700184410409355870083
:10983800A38DB700238DE700034606006319D60001
:10984800935607016183238AD700A38AE700584407
:1098580093558900135609011355870193588700BA
:109868001358070193568901A38FA700238EE70099
:10987800238B270123890700A3890700A38E1701DB
:10988800238F0701A38BB700238CC700A38CD700B5
:109898008547A381F400268597E0FFFFE78080F7DE
:1098A8008347040193F7F7FB2308F40095B7254590
:1098B8001773FFFF670003AF504C03451700854639
:1098C8009305840297E0FFFFE78000D229F18347E0
:1098D800040193F7F7072308F40031BF1773FFFF5C
:1098E800E702C3A941112A8497000000E78020EC11
:1098F80011C541011773FFFF6700C3AA6C002285D9
:1099080097E0FFFFE78080DB01E9232004004101A5
:109918001773FFFF670003A9254541011773FFFF70
:10992800670043A81773FFFFE70283A30111AE89FD
:109938006C082A8497E0FFFFE78040D8254915E1A5
:1099480003491401631F09005044584863773601DE
:1099580083470401898B81EFB289232A0400639A23
:1099680009004A8505611773FFFF6700E3A2232AF0
:109978000400724A8354AA00A6041DCB9306F7FF7D
:109988009387F9FF33D79602B3D7970263E2E702CA
:10999800330790401C4C758F58C8E5E7E373E6FC25
:1099A8008347040158C493E707042308F40055BF0C
:1099B8001C44B9CF58481CCC63FB340F83460401C0
:1099C800269758C813F72600BE8522851DC797E03D
:1099D800FFFFE780003CAA87630305107D57B38922
:1099E80099406383E7020547637EF70203278A01EC
:1099F80063FAE70258481CCCC1B7084097E0FFFF5C
:109A0800E780001AAA87D9BF0549A308240191BF96
:109A18008145228597E0FFFFE780A0370547AA87A1
:109A28006316E5000949A308240125BF7D57E30D06
:109A3800E5FC08C408CC584841F154441376F71F94
:109A480063F9E6008346040158C413E706042308B3
:109A5800E40001DA504CE306F6F003070401F2448F
:109A6800930584026342070203C5140085463E86B7
:109A78003EC497E0FFFFE78000B559F5A2475CCCEC
:109A8800CDB5B389E9400DBF03C5140085463EC670
:109A98002EC497E0FFFFE78020B53DF5034704019A
:109AA800B247A2451377F7072308E40075BF4E971E
:109AB80093F6F91F58C895C683268A011386E7FFCF
:109AC800F916E371D6F68357AA008326CA02B3872C
:109AD800C702B697A1DB93D59900AE97B9BF58488E
:109AE800A9BF814799BF9307F00763E5A70042051F
:109AF80041818280C167637FF5029385B5E49DE962
:109B0800B7D710209387C78901479305000831A06C
:109B1800131706014183630FB70083D607001306A6
:109B280017008907E396A6FE130707081315070110
:109B380041818280014582809307F00763F9A7007D
:109B48009337051081C79385B5E499C10145828093
:109B5800B7D7102006059387C789AA9703D507F0BA
:109B68008280C1676372F504131805011358080150
:109B78008567636CF80237C710201307C75E21A8F2
:109B880083572700110713F6F70FB305D600A183F3
:109B98006342B5029DCB835607009387F6FFC20741
:109BA800C183E3EF07FD4285828037C71020130782
:109BB800876AD5B72146E368F6FE37C610208A07BC
:109BC8001306865CB2979C43828706063297E1B7F4
:109BD800130808FB42081358080142858280F97768
:109BE8009387073A3E9842081358080142858280B5
:109BF800B307D54086073E97035807004285828001
:109C0800B307D840858B3308F84042081358080139
:109C18004285828041184208135808014285828093
:109C2800011842081358080142858280130808FD6C
:109C380042081358080142858280191842081358AF
:109C4800080142858280210842081358080142858C
:109C580082803288AA87AE88D5E663F3C51C41673F
:109C68006364E62C3707000161436373E6004143F0
:109C7800B356660017370000130787E13697034786
:109C88000700930600021A97630DD700998EB398C0
:109C9800D5003357E5003318D600B317D500B3689D
:109CA80017011356080133D5C80293160801C1825B
:109CB80013D70701B3F8C802B385A602C2083367F1
:109CC8001701637AB700B308E800468763F4B80061
:109CD80063F1082D7D150D8FB355C702C207C183E7
:109CE8003377C702B386B6024207D98F63F8D70025
:109CF800C29763F4D70063FC0729FD1542054D8D13
:109D08008145828063F5D500814501458280C16720
:109D180063E5F62237070001E14763F3E600C14730
:109D280033D8F60017370000130787D64297034742
:109D38000700130800023E97630707213308E8402D
:109D4800B358E600B3960601B3E8D80033D3E5006C
:109D580093DE0801B357D303139E0801B395050199
:109D6800135E0E013357E5004D8F935607013316E6
:109D780006013373D303B305FE024203B3E666005C
:109D880063FAB6003383D8009A866374B3006375A8
:109D98001323FD178D8E33D3D60342074183B3F6C1
:109DA800D603B3056E02C206558F637AB700B38631
:109DB800E800368763F4B60063F8161F7D13C20700
:109DC800B3E667000D8F9317060193150301C1834E
:109DD800C18113D306014182330EF302B388F50221
:109DE800B385C50293D70801F295AE973303C30232
:109DF80063F4C7014166329313D607011A96636D5F
:109E0800C700C20893D80801C20733150501C697D1
:109E18006375F5186313C7181385F6FF81458280AB
:109E2800630A061041676372E6149338061093B804
:109E380018008E08B356160117370000130747C5D8
:109E48003697034707009306000246976307D71023
:109E5800B387E6403318F60033D3E500935808017A
:109E6800335E130313160801B395F5004182335787
:109E7800E5004D8F93560701B317F50033731303AD
:109E8800B305C6034203B3E6660063FAB6003305BA
:109E9800D800AA866374B500637405117D1E8D8E83
:109EA80033D5160342074183B3F616033303A602DC
:109EB800C206558F637A6700B306E800368763F4F5
:109EC800660063F7060F7D1593150E01C98D3307DC
:109ED80067403355170393D60701337717033303C6
:109EE800C5024207558F637A6700B306E8003687D4
:109EF80063F4660063F906097D1533076740B356B6
:109F08001703C207C183337717033386C602420794
:109F1800D98F63F8C700C29763F4C70063F30707D4
:109F2800FD164205558D8280133306101333130036
:109F38000E033DBB8146814801B793B7061093B71E
:109F480017008E07F1BB3336C500B3B6B60013361B
:109F5800160033E5C600814582803387C540935893
:109F68000601420641828545ADB737070001637691
:109F7800E60093560601C148C1B593568601E148EB
:109F880065BDF91679BF791533870601BDB7F9158F
:109F9800B5B37915338708013DBB36858145828085
:109FA800791EB3060501E5BD79133387160101BD96
:109FB80079153387060109BFF917B3061301D9BB11
:109FC80039713EDA83A7418132D436D62ED23AD8B7
:109FD80042DC46DE8C4754102A863E8506CE36C6BD
:109FE800EF00D012F240216182801C51011122CC75
:109FF80026CA4AC806CE4EC60045AA842E8999E3C9
:10A00800EF10C0207C50858B81EB8357C40093F7F9
:10A01800072099E3284C092E8357C400A18B99C3C4
:10A028001C48B5EFA2852685692A35C9FD547C50A0
:10A03800858B81EB8357C40093F7072099E3284C5D
:10A04800ED24F24062444249B2492685D244056172
:10A05800828063D80700184C63CDE702938765FFB9
:10A068008DCB1C401387170018C02380B700050943
:10A078001C4483450900FD171CC4E1FD63D3070296
:10A088002286A94526856520FD57E301F5FAA944EE
:10A0980079BF228626856128E31B35FD41BFFD591E
:10A0A800C1BF1C401387170018C029472380E70049
:10A0B800F9BFAA8503A541810DBF2A8603A5418161
:10A0C800AE860C456F009004757122C506C73284B0
:10A0D800635A06001307B00818C17D55BA402A44D0
:10A0E800496182802ECC2ED4B3358000B305B440AC
:10A0F8003686BA864177130787202ED02ED62C08AD
:10A108003AD22AC682DE35237D576356E500B24728
:10A118001307B00898C379D0E247238007007DBFB2
:10A128003687B2862E86AA8503A5418171BF0111A3
:10A1380022CC26CA4EC606CE4AC8AA84AE89328424
:10A1480009C51C5199E3EF10600C1C4C1CC48357C3
:10A15800C400A18B99C31C4891EFA2852685952040
:10A1680011C97D59F2406244D244B2494A854249F4
:10A17800056182801C4808401D8D5C486347F500D6
:10A18800A2852685EF00106D69FD1C44050513F9AD
:10A19800F90FFD171CC41C401387170018C0238033
:10A1A80037015C486389A7008357C400858BDDDBD2
:10A1B800930769FFC5FBA2852685EF00B0695DD1CD
:10A1C8004DB7411126C2AA8403A5418122C406C6FF
:10A1D8002E8409C51C5199E3EF1040038317C4006E
:10A1E80013F7870029E713F7070109EB254798C0FC
:10A1F80093E707042316F4007D5585A813F7470055
:10A208001DC34C5889C9930744046384F500268507
:10A21800312A232A04028357C40018482322040041
:10A2280093F7B7FD18C093E787002316F4001C487E
:10A2380081EF5C441307002093F707286386E70043
:10A24800A2852685EF10600A8317C40013F717004C
:10A2580015C35848232404003307E04018CC184895
:10A26800014501E713F7070841F7B2402244924439
:10A278004101828013F72700814611E3544814C432
:10A28800F9BF01476314E60001458280B307E50082
:10A298000507B386E50083C7070083C6F6FFE38397
:10A2A800D7FE3385D740828093F5F50F83470500A5
:10A2B80091C76393B70082800505CDBF93B515009C
:10A2C800B305B0406D8D8280411122C426C2173477
:10A2D800000013046491973400009384E490818C07
:10A2E8004AC006C6898401496315990217340000DB
:10A2F8001304848F973400009384848F818C89841D
:10A308000149631D9900B240224492440249410127
:10A3180082801C40050911048297F9B71C40050981
:10A3280011048297F9BF828082808280D1CD83A771
:10A33800C5FF011122CC06CE1384C5FF63D30700E5
:10A348003E942AC6D52A138741951C43324581EB92
:10A358002322040000C36244F2400561CDA2637D5C
:10A36800F4001040B306C4006396D7009443DC435E
:10A37800B29614C05CC0F9BF3E87DC4399C3E37D45
:10A38800F4FE14433306D700631F86001040B296CC
:10A3980014C33306D700E390C7FC9043DC43B2965E
:10A3A80014C35CC34DBF6375C400B1471CC165B716
:10A3B8001040B306C4006396D7009443DC43B296BA
:10A3C80014C05CC040C341BF8280411122C41384C1
:10A3D80001951C4026C24AC006C62A89AE8489E770
:10A3E8008145EF10801208C0A6854A85EF10E0115C
:10A3F800FD54631A95007D54B2402285224492444C
:10A40800024941018280130435007198E30685FEF4
:10A41800B305A4404A85EF10400FE31F95FCE1BF48
:10A42800011126CA93843500F19806CE22CC4AC879
:10A438004EC652C4A104B14763F3F400BE8463C49A
:10A44800040063FDB400B1471CC10145F2406244F9
:10A45800D2444249B249224A056182802A899389B5
:10A468004195D92883A709003E8421E8A6854A8515
:10A47800A93FFD572A84631FF50A03A40900A28790
:10A48800D1EB5DC0032A040081454A85229AEF106A
:10A49800C007631BAA081C404A859D8CA6853537D2
:10A4A800FD576303F5081C40A6971CC083A7090045
:10A4B800D84325E723AA019415A01440858E63C8C4
:10A4C80006042D47637DD70204C0330794006396C2
:10A4D800870223A0E9005C4014C35CC34A85852039
:10A4E8001305B4009307440061993307F540E30F5F
:10A4F800F5F43A94898F1CC091BFD8C3E9BF58407E
:10A508006395870023A0E900D1BFD8C3C1BFA28744
:10A518004040A1BF3E84DC43A5B73E87DC43E39EB1
:10A5280087FE232207005DBFB1472320F9004A8533
:10A53800392021BF04C15DB713858194F5B3138514
:10A548008194E5B301114AC803A9850022CC4EC6FF
:10A558005AC006CE26CA52C456C22E84328BB68939
:10A5680063E7260D8397C5004A8793F60748ADC66B
:10A5780044480D478C49B384E4020947032A040080
:10A58800AA8A330ABA40B3C4E4021387190052975F
:10A59800268663F4E400BA843A8693F70740ADC789
:10A5A800B2855685B53D2A8925C90C485286EF5093
:10A5B800FFE08357C40093F7F7B793E7070823161C
:10A5C800F4002328240144C85299B3844441232029
:10A5D800240104C44E894E87BA8908404E86DA851C
:10A5E800EF90EF8D1C440145B38727411CC41C40E4
:10A5F800CE971CC0F2406244D2444249B249224A32
:10A60800924A024B056182805685EF0050752A896F
:10A618004DF90C485685193BB14723A0FA008357DA
:10A62800C4007D5593E707042316F400E1B7368983
:10A638006DB783D7C500717126D362C506D722D5F9
:10A648004AD14ECF52CD56CB5AC95EC793F70708A9
:10A658002A8CAE84A1C39C4995EF9305000436C6A5
:10A6680032C47D3B88C088C82246B2460DE1B14756
:10A678002320FC007D55BA502A549A540A59FA49A5
:10A688006A4ADA4A4A4BBA4B2A4C4D618280930790
:10A698000004DCC893070002A30CF102930700032F
:10A6A80002DA230DF10236CEFD59972A0000938A6B
:10A6B8002A9C054B294A328483470400B33BF000A7
:10A6C8009387B7FDB337F000B3FBFB0063990B0822
:10A6D800B306C440630CC400A685628536C49D35A4
:10A6E800630E3519D257A246B6973EDA834704005F
:10A6F80063860718050402D002D64ED202D4A301FD
:10A70800010682DC83450400154617250000130561
:10A718002596EF00705182579306140039E113F71C
:10A72800070109C713070002A301E10613F7870011
:10A7380009C71307B002A301E10603460400130783
:10A74800A0026308E602B257814625460347040083
:10A75800130707FD6376E60695C63ED625A00504D1
:10A76800A1BF330555413315AB005D8D2AD0368422
:10A7780051BF724713064700184332CE634B070296
:10A788003AD63684034704009307E002631CF704B3
:10A79800034714009307A002631AF702F24709045B
:10A7A800138747009C433ACE63D30700FD573ED238
:10A7B80015A83307E04093E727003AD63ED0D1B733
:10A7C800B387470305048546BA9749B7050402D2FB
:10A7D8008147A54603470400130707FD63F7E6060C
:10A7E800E3970BFC834504000D461725000013056D
:10A7F800A588EF00704311CD972700009387C7877E
:10A808001D8D8257130700043317A700D98F05043D
:10A818003ED0834504001946172500001305058618
:10A82800230CB102EF00504035C19307000085EBBF
:10A838000257F2471377071019CF91073ECED25728
:10A8480013061400CA973EDABDB5B387470305045B
:10A85800854BBA9741B79D07E19BA107C5B7780813
:10A8680097060000938646CE26860C1062859700D0
:10A878000000E70000002A89E31335FD83D7C400F0
:10A8880093F70704E39807DE5255F5B3780897065F
:10A898000000938666CB26860C1062853521E1BFC1
:10A8A8001C46FD171CC663DA0700184E63C5E7008F
:10A8B800938765FF99E36FF09F871C422E85138766
:10A8C800170018C22380B7008280011122CC26CA43
:10A8D8004AC84EC652C406CEAA892E8A3284B30408
:10A8E800D6007D5963149400014509A883450400E6
:10A8F80052864E8575370504E31625FFF2406244FB
:10A90800D2444249B249224A05618280717122D5F6
:10A9180026D34ECF52CD06D74AD156CB5AC95EC799
:10A9280062C566C3AA89AE843284368A09C51C51B9
:10A9380099E3EF00B00DFC50858B81EB83D7C40001
:10A9480093F7072099E3A84CC53283D7C400A18B9D
:10A9580099C39C489DEFA6854E85EFF09F8615C943
:10A96800FC50858B99CF7D55BA502A549A540A5970
:10A97800FA496A4ADA4A4A4BBA4B2A4C9A4C4D6110
:10A98800828083D7C40093F70720F1FFA84C713A5F
:10A99800D9BF93070002A30CF1029307000352CE1C
:10A9A80002DA230DF1027D5A171B0000130B4B6CC2
:10A9B800854BA94A228C83470C00B33CF00093874F
:10A9C800B7FDB337F000B3FCFC00639B0C08B3067B
:10A9D8008C40630D8C002286A6854E8536C6F535DB
:10A9E800630E4519D257B246B6973EDA83470C0034
:10A9F8006386071813041C0002D002D652D202D470
:10AA0800A301010682DC83450400154617150000E2
:10AA180013050566EF00502182579306140039E1AB
:10AA280013F7070109C713070002A301E10613F78B
:10AA3800870009C71307B002A301E1060346040013
:10AA48001307A0026308E602B2578146254603476A
:10AA58000400130707FD6376E60695C63ED625A0D3
:10AA6800050C91BF330565413395AB005D8D2AD048
:10AA7800368451BF724713064700184332CE634BE2
:10AA880007023AD63684034704009307E002631CA2
:10AA9800F704034714009307A002631AF702F2476A
:10AAA8000904138747009C433ACE63D30700FD5738
:10AAB8003ED215A83307E04093E727003AD63ED0A8
:10AAC800D1B7B387570305048546BA9749B7050434
:10AAD80002D28147A54603470400130707FD63F622
:10AAE800E606E3970CFC834504000D4617150000A5
:10AAF80013058558EF00501311CD97170000938761
:10AB0800A7571D8D8257130700043317A700D98F45
:10AB180005043ED0834504001946171500001305A7
:10AB2800E555230CB102EF00301025CD9307000046
:10AB38009DE70257F2471377071011CF91073ECED2
:10AB4800D2570504CA973EDAB5B5B387570305044B
:10AB5800854CBA9749B79D07E19BA107CDB77808FF
:10AB6800970600009386A6D626860C104E85970079
:10AB78000000E70000002A89E31445FDFC50858B9E
:10AB880089EB83D7C40093F7072081E7A84CEFF03F
:10AB9800CFF983D7C40093F70704E39607DC52552F
:10ABA800E1B3780897060000938666D226860C10D3
:10ABB8004E85192AC9B779714ECE9C49BA899845EC
:10ABC80022D44AD05AC85EC606D626D252CC56CA15
:10ABD8002A8B2E843289B68B63D3E700BA87232069
:10ABE800F9000347340401C785072320F9001C40F6
:10ABF80093F7070291C78327090089072320F900E3
:10AC08000440998891E8130A9401FD5A5C4403278B
:10AC18000900998F63CDF4041C408346340493F7EC
:10AC28000702B336D000ADEB13063404DE855A852F
:10AC38008299FD576304F5041C4011478144998BA0
:10AC4800639AE7008327090044449D8C93C7F4FF67
:10AC5800FD87FD8C1C4418486354F700998FBE94F7
:10AC6800014969047D5A63982405014509A8854668
:10AC78005286DE855A858299631E55017D55B250EC
:10AC8800225492540259F249624AD24A424BB24B78
:10AC98004561828085049DBF3307D40013060003F5
:10ACA800A301C7040347540493871600A297890693
:10ACB800A381E70495BF85462286DE855A85829959
:10ACC800E30E45FB050945B7397122DC26DA52D473
:10ACD80056D206DE4AD84ED683C78501B684930677
:10ACE80080072A8A2E84B28A63E2F6029306200637
:10ACF8001386350463EFF6006381071C930580050E
:10AD080097160000938606386380B7141309240445
:10AD180005A89386D7F993F6F60FD545E3E8D5FE4F
:10AD2800972500009385C5E68A06AE969442AE96AE
:10AD380082861C4313092404938647009C4314C34A
:10AD48002301F404854769AA1C40084393F60708C1
:10AD5800930545008DC21C410CC363D80700130737
:10AD6800D002B307F040A301E404971600009386CD
:10AD78006631294799A093F607041C410CC3F1DEFC
:10AD8800C207C187D9BF0C40144313F505089C427C
:10AD9800910611E593F5050499C1C207C18314C34F
:10ADA800834684011307F006639FE60C971600009C
:10ADB8009386462D2147A30104044C400CC463C864
:10ADC80005000840DD8D32896D9908C099CD32891A
:10ADD800B3F5E7027D19B69583C505002300B900D0
:10ADE800BE85B3D7E702E3F5E5FEA147631EF7008A
:10ADF8001C40858B91CB58401C4863C7E7009307DC
:10AE08000003A30FF9FE7D193306264110C82687D3
:10AE1800D6867008A2855285793BFD596316350D93
:10AE28007D55F2506254D2544259B259225A925A1C
:10AE3800216182801C4093E707021CC093078007AA
:10AE48009716000093864625A302F4040C40084395
:10AE580013F805081C4111056318080013F80504C8
:10AE680063040800C207C18308C313F7150001C7AC
:10AE780093E505020CC099C3414735BF18401377C5
:10AE8800F7FD18C0D5BF971600009386A61F29475F
:10AE98001DB714401C434C4813F806081385470097
:10AEA8006306080008C39C438CC301A808C393F633
:10AEB80006049C43F5DA2390B7002328040032895E
:10AEC800B9B71C43504081459386470014C303A972
:10AED80007004A85912B01C53305254148C05C40D0
:10AEE8001CC8A301040425B714484A86D685528590
:10AEF8008294E30735F31C40898B95E7F247484471
:10AF0800E351F5F23E8531BF8546D685528532C676
:10AF18008294E30735F1324605095C447247998FFC
:10AF2800E344F9FEE1BF014913069401FDB7839795
:10AF3800C500011122CC26CA06CE4AC813F78700DD
:10AF4800AA842E8469E3D8416345E000B841635A76
:10AF5800E00A58545DC703A904009396370123A05B
:10AF6800040063DE060670488357C400918B99C7B6
:10AF78005C401D8E5C5899C33C401D8E5C540C503F
:10AF88008146268582977D578317C400631DE50097
:10AF9800944075476361D70A370740200507335740
:10AFA800D700058B49CB18482322040018C01397F3
:10AFB800370163580700FD576314F5009C4091E37F
:10AFC80068C84C5823A024018DCD93074404638599
:10AFD800F5002685EFF08FB5232A04021DA00C503A
:10AFE8000146854626850297FD572A86E31EF5F613
:10AFF8009C40BDDB138737FE19C3A9179DEB23A01F
:10B008002401014535A890496DDE94418D8B90C18E
:10B018003389C640014791E3D84918C4E35320FF58
:10B028001C540C50CA86268532C682973246634F16
:10B03800A0008357C40093E707042316F4007D5546
:10B04800F2406244D2444249056182802A9633091B
:10B05800A940E9B79C49411106C622C426C281EB22
:10B068008144B24022442685924441018280AA84C8
:10B078002E8401C51C5191E3512A8317C400EDD3D6
:10B088007850058B19E793F7072081E7284CEFF0F4
:10B09800AFA92685A285613D7C50AA84858BF1F3F2
:10B0A8008357C40093F70720CDFF284CEFF0EFA794
:10B0B8004DBF411122C406C62A842316B5002317A2
:10B0C800C500232005002322050023240500232290
:10B0D800050623280500232A0500232C0500214600
:10B0E80081451305C505EF506FAC9707000093879E
:10B0F80007285CD0970700009387672A1CD4970716
:10B1080000009387A72E5CD4970700009387A73188
:10B118001CD817A70600130767A397A706009387ED
:10B1280067A9B307F4403307E44093B71700133710
:10B13800170000D0D98F99E797A70600938707AE25
:10B148006319F400130584052244B24041016FF0ED
:10B158008F9DB24022444101828017560000130699
:10B16800260F97050000938525EF17550000130556
:10B178006509C9A04C41411122C406C697A706001B
:10B188009387C79C2A846383F500E9350C4497A705
:10B198000600938727A26384F5002285653D4C4409
:10B1A80097A70600938787A76387F500228522441F
:10B1B800B240410145B5B24022444101828041116B
:10B1C800970700009387A7F90146914517A5060040
:10B1D8001305C59706C623ACF194E13D0546A54580
:10B1E80017A506001305059DE935B2400946C9456E
:10B1F80017A50600130585A2410165BD1385C194F5
:10B208006FF08F921385C1946FF02F9201112AC6A7
:10B2180006CEED3732451C5181C7F2400561DDB7D6
:10B2280097070000938747F51CD183A78195F5F709
:10B238007937E5B7797122D44AD04ECE52CC56CA66
:10B2480006D626D22A8AAE8A01440549FD590C46FB
:10B258004442FD1463DE0400104275FAB2502285A0
:10B26800225492540259F249624AD24A4561828074
:10B2780083D7C500637DF9008397E50063893701AB
:10B28800528532C62EC4829A3246A245498C93858D
:10B298008506C1B71971A2DC2E848395E500A6DA6C
:10B2A80086DEB28463D105028357C40093F707088A
:10B2B8008DEB13070040F65066549CC298C00145B8
:10B2C800D65409618280300836C6792AB246E34DE1
:10B2D80005FCF2473D67F98F7977BA9793B717005E
:10B2E800C9BF814713070004F9B703D7C5007971AF
:10B2F80022D406D626D2098B2E8401CF9307740454
:10B308001CC01CC885475CC8B25022549254456181
:10B31800828074083008AA84B53FE24526852EC687
:10B32800EFF00F908317C400B24511E913F7072017
:10B3380061FFF19B93E727002316F400C1B793E759
:10B3480007082316F400F24708C008C84CC8CDDF28
:10B358008315E40026852D2A45D98357C400F19B1F
:10B3680093E717002316F40045B7411122C42E8431
:10B378008395E50006C6AD22634905007C48AA9777
:10B388007CC8B2402244410182808357C4007D7743
:10B398007D17F98F2316F400EDB783D7C500011187
:10B3A80022CC26CA4AC84EC606CE93F70710AA84EE
:10B3B8002E843289B68991C78395E500894601466E
:10B3C800DD288357C4007D777D17F98F8315E40046
:10B3D8002316F4006244F240CE864A86B2494249B6
:10B3E8002685D2440561B1A2411122C42E848395D9
:10B3F800E50006C6C9207D578317C400631DE50014
:10B408001307058013070780F98F2316F400B2404D
:10B418002244410182800567D98F2316F40068C849
:10B42800FDB78395E50031A893F5F50F2A966314C7
:10B43800C5000145828083470500E38DB7FE0505F9
:10B44800FDB7411122C42A842E8523AE019406C675
:10B45800492AFD576316F50083A7C19591C31CC0FF
:10B46800B240224441018280411122C42A842E859F
:10B47800B28523AE019406C69D2AFD576316F500D2
:10B4880083A7C19591C31CC0B24022444101828068
:10B49800411122C42A842E8523AE019406C6B12AFE
:10B4A800FD576316F50083A7C19591C31CC0B24030
:10B4B800224441018280411122C42A842E85B2850A
:10B4C800368623AE019406C63D2AFD576316F5005D
:10B4D80083A7C19591C31CC0B24022444101828018
:10B4E800411122C42A842E85B285368623AE019462
:10B4F80006C60522FD576316F50083A7C19591C3BB
:10B508001CC0B240224441018280411122C42A84D5
:10B518002E8523AE019406C6EF803FA9FD5763161A
:10B52800F50083A7C19591C31CC0B24022444101D4
:10B538008280411122C42A842E85B285368623AEA4
:10B54800019406C6EF805FA1FD576316F50083A737
:10B55800C19591C31CC0B24022444101828081E55B
:10B56800B2856FE0FFEB011122CC52C406CE26CA89
:10B578004AC84EC632842A8A09EEEFE03FDB81448E
:10B58800F24062444249B249224A2685D2440561C2
:10B598008280AE842D282A8963668500935715001A
:10B5A800E3E087FEA2855285EFE09FE7AA8919E1CB
:10B5B800CE84F9B72286637389004A86A6854E85AC
:10B5C800EF40DFDFA6855285EFE05FD6D5B783A7CA
:10B5D800C5FF1385C7FF63D50700AA959C413E9513
:10B5E80082809307800523AEF1947D55828093076E
:10B5F800800523AEF1947D5582809307800523AEA4
:10B60800F194014582809307800523AEF1947D551E
:10B6180082809307800523AEF1947D5582800000D7
:10B628005635462074696D656F75742C20435354E4
:10B638004152313D30782530385820737461676540
:10B648003D256C750D0A0000646163207374616C9C
:10B658006C65642061742073616D706C6520256C65
:10B6680075206F6620256C750D0A000077617620BD
:10B678006F70656E206661696C65640D0A00000074
:10B688007761762068656164657220777269746590
:10B69800206661696C65640D0A00000077726F743A
:10B6A800652025732C20256C752073616D706C6581
:10B6B800730D0A007761762064617461207772697E
:10B6C8007465206661696C656420617420256C75F9
:10B6D800206F6620256C750D0A000000756E6B6E74
:10B6E8006F776E0066726F6E74656E64206661694E
:10B6F8006C65640D0A0000006E6F7468696E6720DF
:10B70800746F207361790D0A000000007472756E01
:10B71800636174656420256C75206672616D65735C
:10B7280020746F20256C750D0A000000256C7520AB
:10B738006672616D65732C20256C75206D73206FA2
:10B748006620617564696F2C205635462E2E2E0DA5
:10B758000A00000073796E7468206661696C65641C
:10B768003A2025730D0A000070726F736F64792098
:10B778002025366C75206D73202025356C75206D5D
:10B78800732F730D0A00000061636F75737469632A
:10B798002025366C75206D73202025356C75206D3D
:10B7A800732F730D0A000000766F636F6465722053
:10B7B8002025366C75206D73202025356C75206D1D
:10B7C800732F730D0A000000746F74616C202020C1
:10B7D8002025366C75206D73202025356C75206DFD
:10B7E800732F732020256C752E2530326C757820C8
:10B7F8007265616C2074696D650D0A00706C617901
:10B808006261636B20256C75206D730D0A00000062
:10B818006361726420646964206E6F74207265735A
:10B82800706F6E6400000000665F6D6F756E742047
:10B838006661696C656400000D0A483431375F54ED
:10B8480054535F44454D4F206475616C20636F729B
:10B85800650D0A005635462073746172742030787D
:10B86800253038582C20696D616765206174203057
:10B8780078253038580D0A004353544152313D3031
:10B8880078253038582072656164793D30782530E4
:10B8980038580D0A0000000070726F766973696F7E
:10B8A8006E206661696C65643A2025730D0A000094
:10B8B80073645F696E69742025753A2025730D0AD3
:10B8C80000000000776F726420766F6361622072F7
:10B8D800656A65637465640D0A000000303A2F508C
:10B8E800524F4E444943542E42494E0063616E6E96
:10B8F8006F74206F70656E2025730D0A00000000BC
:10B9080064696374696F6E61727920696E69742005
:10B9180025642C20696E6465782072616D20256C21
:10B92800750D0A0064696374696F6E617279202508
:10B938006C7520656E74726965730D0A00000000ED
:10B94800563546206E6F742072656164792C2043E9
:10B9580053544152313D3078253038582073746142
:10B9680074653D25750D0A005635462075700D0A1B
:10B978000000000056354620696E697420666169CA
:10B988006C656420617420737461676520256C752B
:10B998003A2025730D0A0000746F6E652074657374
:10B9A800740D0A0072656164792C207479706520C1
:10B9B80061206C696E6520616E64207072657373B6
:10B9C80020656E7465720D0A000000005448452019
:10B9D80054454D50455241545552452049532054E1
:10B9E800484952545920534556454E2044454752DC
:10B9F80045455300414C4C2053595354454D532011
:10BA08004E4F4D494E414C00544845204D4F544FE0
:10BA1800522049532052554E4E494E47204E4F52C0
:10BA28004D414C4C590000005348452053454C4C5F
:10BA38005320534541205348454C4C5300000000C7
:10BA480053495820544849525459205349580000E2
:10BA58006F6B00006672616D6520636F756E742090
:10BA68006F7574206F662072616E67650000000054
:10BA78006172656E6120746F6F20736D616C6C000C
:10BA880061636F7573746963206661696C656400CE
:10BA980070726F736F6479206661696C6564000009
:10BAA800776569676874732072656A65637465642D
:10BAB8000000000043414E2754000000574F4E2716
:10BAC80054000000444F4E2754000000444F455393
:10BAD8004E2754004449444E2754000049534E27EA
:10BAE800540000004152454E275400005741534E20
:10BAF80027540000574552454E27540049274D000A
:10BB080049275645000000004927440049274C4C66
:10BB18000000000043414E004E4F540057494C4C22
:10BB280000000000444F0000444F4553000000004F
:10BB380044494400495300004152450057415300CD
:10BB4800574552450000000049000000414D0000E3
:10BB58004841564500000000574F554C440000002E
:10BB6800274C4C0027524500275645002744000023
:10BB7800275300003C53454D493E00003C434F4D80
:10BB88004D413E003C53454E543E00003C5041520E
:10BB9800413E00005A45524F000000004F4E4500FC
:10BBA80054574F005448524545000000464F5552DF
:10BBB800000000004649564500000000534958005F
:10BBC800534556454E00000045494748540000007B
:10BBD8004E494E450000000054454E003C53494C28
:10BBE8003E00000054494F4E0000000053494F4E9C
:10BBF80000000000494E47003C4155544F3E0000AC
:10BC08003F0000002020252D3136732064696374BD
:10BC1800696F6E61727920200000000025730000B2
:10BC280025750000200000002020252D31367320C6
:10BC3800726563697465722020202020000000006E
:10BC48003C73696C3E0000003C62726B3E00000071
:10BC5800414100004145000041480000414F0000BB
:10BC680041570000415900004200000043480000CD
:10BC780044000000444800004548000045520000C8
:10BC880045590000460000004700000048480000F1
:10BC980049480000495900004A4800004B0000008C
:10BCA8004C0000004D0000004E0000004E47000010
:10BCB8004F5700004F59000050000000520000008C
:10BCC8005300000053480000544800005548000045
:10BCD8005557000057000000590000005A000000A6
:10BCE8005A48000041000000414E0000414E440007
:10BCF80041530000415400004245000042590000F1
:10BD0800464F520046524F4D000000004841440043
:10BD180048415300484500004845520048495300EF
:10BD280049460000494E0000495400004954530058
:10BD38004D4500004D5900004F4600004F4E000091
:10BD48004F5200004F555200534845005448415443
:10BD5800000000005448450054484549520000007E
:10BD68005448454D000000005448454E000000006E
:10BD780054484552450000005448455345000000CA
:10BD88005448495300000000544F00005745000034
:10BD98005749544800000000594F5500594F555213
:10BDA8000000000042414F4348495000444142418D
:10BDB8004F0000004755564152490000524953432D
:10BDC80056000000524F56415249000070726F767B
:10BDD8003A2063616E6E6F74206F70656E202573F4
:10BDE8000D0A000070726F763A202573206973205F
:10BDF800256C752062797465732C2065787065638D
:10BE080074656420256C750D0A00000070726F76E9
:10BE18003A20257320256C75206279746573202D6E
:10BE28003E2030782530386C5820696E20256C7596
:10BE3800206D730D0A00000070726F763A206572EB
:10BE4800617365206661696C65642061742030786F
:10BE58002530386C580D0A0070726F763A20777268
:10BE6800697465206661696C656420617420307846
:10BE78002530386C580D0A0070726F763A20766556
:10BE880072696679206661696C6564206174203026
:10BE9800782530386C580D0A0000000070726F76F3
:10BEA8003A20257320435243206D69736D61746392
:10BEB800680D0A0070726F763A206D616E6966656A
:10BEC8007374204F4B2C20626C6F627320616C720C
:10BED80065616479207265736964656E740D00002C
:10BEE80070726F763A2070726F766973696F6E69D7
:10BEF8006E672066726F6D20636172640D000000CA
:10BF080070726F763A205344206D6F756E74206698
:10BF180061696C65640D000070726F763A20636F1A
:10BF28006D706C6574650D0070726F763A206D6186
:10BF38006E696665737420777269746520666169D5
:10BF48006C65640D00000000616C726561647920A5
:10BF580070726F766973696F6E6564007364206DC3
:10BF68006F756E74206661696C65640066696C65DE
:10BF7800206F70656E206661696C65640000000062
:10BF880066696C652073697A65206D69736D617483
:10BF98006368000066696C6520726561642066618B
:10BFA800696C656400000000666C617368206572E6
:10BFB800617365206661696C65640000666C617315
:10BFC80068207772697465206661696C6564000031
:10BFD800666C617368207665726966792066616946
:10BFE8006C6564006D616E6966657374207772694B
:10BFF8007465206661696C6564000000303A2F50F2
:10C00800524F534F44592E42494E000070726F737D
:10C018006F647900303A2F574F5244564F432E429F
:10C02800494E0000766F636162000000303A2F418C
:10C03800434F55535449432E42494E0061636F752F
:10C048007374696300000000303A00002A3A3C3EED
:10C058007C223F7F000000002B2C3B3D5B5D0000F5
:10C06800464154333220202000000000232D302B7D
:10C0780020000000686C4C00656667454647000074
:10C088003031323334353637383941424344454606
:10C0980000000000303132333435363738396162C8
:10C0A800636465660000000060B9102064B9102060
:10C0B80080B9102090B91020A0B91020B0B9102074
:10C0C800B01C1020CA1B1020CA1B1020B01C102046
:10C0D800CA1B1020CA1B1020CA1B1020CA1B102004
:10C0E800CA1B1020CA1B1020CA1B1020CA1B1020F4
:10C0F800CA1B1020CA1B1020CA1B1020CA1B1020E4
:10C10800CA1B1020CA1B1020CA1B1020CA1B1020D3
:10C11800CA1B1020CA1B1020CA1B10209C1C1020F0
:10C12800CA1B1020CA1B1020CA1B1020CA1B1020B3
:10C13800CA1B1020CA1B1020CA1B1020CA1B1020A3
:10C14800CA1B1020CA1B1020BE1C1020CA1B10209E
:10C158009C1C1020CA1B1020CA1B1020CA1B1020B0
:10C16800CA1B1020CA1B1020CA1B1020CA1B102073
:10C17800CA1B1020CA1B1020CA1B1020CA1B102063
:10C18800B41C1020B41C1020CA1B1020CA1B10207D
:10C19800CA1B10209C1C1020A4BA1020ACBA102076
:10C1A800B0BA1020B4BA1020BCBA1020C4BA1020FB
:10C1B800CCBA1020D0BA1020D8BA1020E0BA10207B
:10C1C800E8BA1020002810209C241020EA2710200C
:10C1D800D4271020A02710209C2410208A27102064
:10C1E8003026102074271020D6261020462710202D
:10C1F800302710201A27102004271020EC261020A2
:10C20800D6261020C0261020AA26102092261020FC
:10C218005C2610207A26102016261020F0251020E3
:10C228005C271020162810200C03070A0608121194
:10C23800050D0604090B0D0C07070608090A08076F
:10C2480006070D110A060C0D080A020A060A0B0950
:10C258000900000050BB102058BB102060BB102004
:10C2680064BB102068BB10206CBB102070BB102072
:10C2780074BB102078BB10207CBB102080BB102022
:10C2880084BB102088BB10208CBB102090BB1020D2
:10C2980094BB102098BB10209CBB1020A0BB102082
:10C2A800A4BB1020A8BB1020ACBB1020B0BB102032
:10C2B800B4BB1020B8BB1020BCBB1020C0BB1020E2
:10C2C800C4BB1020C8BB1020CCBB1020D0BB102092
:10C2D800D4BB1020C8B91020D8BB1020DCBB10205C
:10C2E800E0BB1020D0BC1020E4BB1020E8BB10201D
:10C2F800ECBB1020F0BB1020F4BB1020F8BB1020C2
:10C30800FCBB102048BA102000BC102004BC102030
:10C3180008BC10200CBC102034BA102010BC10200F
:10C3280014BC10201CBC102020BC102060BA1020A7
:10C3380024BC102028BC10202CBC102058BA102077
:10C3480030BC102034BC102044BA102038BC102057
:10C358003CBC102040BC102044BC102048BC10201D
:10C368004CBC102050BC102054BC102058BC1020CD
:10C378005CBC102064BC102068BC102070BC10206D
:10C3880078BC102080BC102088BC102090BC1020E5
:10C3980098BC10204CBA10209CBC102050BA102019
:10C3A8002CBA1020A0BC1020A8BC1020ACBC1020B7
:10C3B800B4BC1020E0011120D801112005000000B4
:10C3C800BCBC1020D4011120D001112004000000B1
:10C3D800C4BC1020F0011120E80111200600000063
:10C3E800CCBC1020C8011120C0011120070000009A
:10C3F800D4BC102000021120F80111200600000012
:10C4080060B9102058BE10206CBE10207CBE1020D1
:10C4180090BE1020A4BE1020B8BE1020CCBE1020A4
:10C42800E0BE1020F4BE102000E00000A0110300C0
:10C438000CBF10201CBF1020000005004BB50100E8
:10C4480024BF102034BF102000800700FC330600F2
:10C458003CBF10204CBF1020191C1E202326282D5D
:10C4680032383C40464C505A0000000000000000A2
:10C478000102030406070809040607081109130A3C
:10C48800150B170C190D0E0F101112131416181A7C
:10C498001C1E20222426283B191C1E202326282D5A
:10C4A80032383C40464C505A000000000000000062
:10C4B8000102030406070809040607081109130AFC
:10C4C800150B170C190D0E0F101112131416181A3C
:10C4D8001C1E20222426283B00000000000000002B
:10C4E8000000000000000000000000000000000044
:10C4F800000000000000000000380140004000007B
:10C5080002090A0707090A0000080140000801405B
:10C518000400000004000000004400400000020085
:10C528000102030707020300000801400008014058
:10C53800040000000400000000480040000004005F
:10C5480001383907070809000014014000140140A8
:10C558002000000020000000000000000000000093
:10C568000000000000000000002C0140000800004E
:10C578000200000047000000000000400100000029
:10C58800010000004A000000000400400200000012
:10C59800010000004B0000000008004004000000FB
:10C5A800010000004C000000000C004008000000E2
:10C5B800010000004D0000000010004010000000C5
:10C5C800010000006400000000140040200000008A
:10C5D8000100000065000000003401400020000058
:10C5E8000200000057000000004C01400000080055
:10C5F800020000005A000000005001400000100036
:10C60800020000005B000000005401400000200010
:10C61800020000005C000000003C014000004000F7
:10C62800020000005D000000809A45418E418F8025
:10C638004545454949498E8F9092924F994F555596
:10C6480059999A9B9C9D9E9F41494F55A5A5A6A780
:10C65800A8A9AAABACADAEAFB0B1B2B3B4B5B6B7DA
:10C66800B8B9BABBBCBDBEBFC0C1C2C3C4C5C6C7CA
:10C67800C8C9CACBCCCDCECFD0D1D2D3D4D5D6D7BA
:10C68800D8D9DADBDCDDDEDFE0E1E2E3E4E5E6E7AA
:10C69800E8E9EAEBECEDEEEFF0F1F2F3F4F5F6F79A
:10C6A800F8F9FAFBFCFDFEFF01030507090E10125D
:10C6B8001416181C1E000000009B1020109B102050
:10C6C800249B1020309B10203C9B10204A9B10205C
:10C6D800569B1020E09A1020EE9A10207D1D010034
:10C6E800632C001E9601A01E5A01001F0806101F89
:10C6F8000606201F0806301F0806401F0606511FA1
:10C708000700591F521F5B1F541F5D1F561F5F1FD5
:10C71800601F0806701F0E00BA1FBB1FC81FC91F65
:10C72800CA1FCB1FDA1FDB1FF81FF91FEA1FEB1FF9
:10C73800FA1FFB1F801F0806901F0806A01F080687
:10C74800B01F0400B81FB91FB21FBC1FCC1F0100C7
:10C75800C31FD01F0206E01F0206E51F0100EC1FE1
:10C76800F31F0100FC1F4E2101003221702110022D
:10C77800842101008321D0241A05302C2F04602C39
:10C788000201672C0601752C0201802C6401002D22
:10C79800260841FF1A03000061001A03E00017038E
:10C7A800F8000703FF0001007801000130013201A1
:10C7B8000601390110014A012E01790106018001A3
:10C7C8004D004302810182018201840184018601B6
:10C7D8008701870189018A018B018B018D018E01F7
:10C7E8008F0190019101910193019401F601960145
:10C7F8009701980198013D029B019C019D0120022F
:10C808009F01A001A001A201A201A401A401A60107
:10C81800A701A701A901AA01AB01AC01AC01AE01B6
:10C82800AF01AF01B101B201B301B301B501B50167
:10C83800B701B801B801BA01BB01BC01BC01BE0116
:10C84800F701C001C101C201C301C401C501C4018E
:10C85800C701C801C701CA01CB01CA01CD01100136
:10C86800DD0101008E01DE011201F3010300F10177
:10C87800F401F401F8012801220212013A02090028
:10C88800652C3B023B023D02662C3F0240024102FE
:10C89800410246020A015302400081018601550205
:10C8A80089018A0158028F015A0290015C025D02D7
:10C8B8005E025F02930161026202940164026502F2
:10C8C80066026702970196016A02622C6C026D0289
:10C8D8006E029C01700271029D01730274029F0135
:10C8E80076027702780279027A027B027C02642C53
:10C8F8007E027F02A60181028202A90184028502CA
:10C9080086028702AE014402B101B20145028D02DE
:10C918008E028F0290029102B7017B030300FD0390
:10C92800FE03FF03AC0304008603880389038A031C
:10C93800B1031103C2030200A303A303C403080342
:10C94800CC0303008C038E038F03D8031801F20372
:10C958000A00F903F303F403F503F603F703F703F7
:10C96800F903FA03FA0330042003500410076004A3
:10C9780022018A043601C1040E01CF040100C0045B
:10C98800D00444016105260400000000C700FC0033
:10C99800E900E200E400E000E500E700EA00EB005F
:10C9A800E800EF00EE00EC00C400C500C900E60096
:10C9B800C600F400F600F200FB00F900FF00D60004
:10C9C800DC00A200A300A500A7209201E100ED0071
:10C9D800F300FA00F100D100AA00BA00BF0010234A
:10C9E800AC00BD00BC00A100AB00BB0091259225A6
:10C9F800932502252425612562255625552563257D
:10CA0800512557255D255C255B25102514253425E2
:10CA18002C251C2500253C255E255F255A255425F7
:10CA280069256625602550256C25672568256425B8
:10CA3800652559255825522553256B256A2518251E
:10CA48000C25882584258C2590258025B103DF00B9
:10CA58009303C003A303C303B500C403A603980349
:10CA6800A903B4031E22C603B50329226122B1001B
:10CA78006522642220232123F7004822B0001922CE
:10CA8800B7001A227F20B200A025A00000010202F0
:10CA9800030303030404040404040404050505054E
:10CAA800050505050505050505050505060606062A
:10CAB800060606060606060606060606060606060E
:10CAC80006060606060606060606060607070707FA
:10CAD80007070707070707070707070707070707DE
:10CAE80007070707070707070707070707070707CE
:10CAF80007070707070707070707070707070707BE
:10CB080007070707070707070707070708080808A9
:10CB1800080808080808080808080808080808088D
:10CB2800080808080808080808080808080808087D
:10CB3800080808080808080808080808080808086D
:10CB4800080808080808080808080808080808085D
:10CB5800080808080808080808080808080808084D
:10CB6800080808080808080808080808080808083D
:10CB7800080808080808080808080808080808082D
:10CB8800080808080808080808080808A6E1FFFFB8
:10CB9800BCE1FFFF80E1FFFF80E1FFFF80E1FFFFD5
:10CBA80080E1FFFFBCE1FFFF80E1FFFF80E1FFFFC5
:10CBB80080E1FFFF80E1FFFF06E3FFFFFAE1FFFFEF
:10CBC800A8E2FFFF80E1FFFF80E1FFFF36E3FFFF00
:10CBD80080E1FFFFFAE1FFFF80E1FFFF80E1FFFF57
:04CBE800B0E2FFFFB9
:10CBEC00974110209381C1D7173117201301C140F1
:10CBFC001735FFFF13058540973510209385C53FEA
:10CC0C00173610201306864E63FAC50083220500E2
:10CC1C0023A0550011059105E3EAC5FE97301020BD
:10CC2C00E780803DB70237129382123E739002BCAC
:10CC3C008542739012BC9D4273904280996293829C
:10CC4C0082087390023097320F209382E23A93E27B
:10CC5C0032007390523097D00F20E7806057978244
:10CC6C000F209382821B73901234730020300000CB
:08CC7C00D00E1020040F10205F
:10CC8400303A2F4F55543030302E57415600000063
:10CC940000000000584A1720C04A1720284B1720CC
:10CCA4000000000000000000000000000000000080
:10CCB4000000000000000000000000000000000070
:10CCC4000000000000000000000000000000000060
:10CCD4000000000000000000000000000000000050
:10CCE40003000000584A1720FFFF000080D1F0081D
:10CCF4000046C323904B17200101000010011120AE
:10CD04003889813FCDCC8C3FCAAB933F1383A03F7E
:10CD140085EB513F0000803F0000A0403333933F38
:10CD240014AE873F6666663FF6285C3FB81E853FB3
:10CD3400C3F5883F1F856B3F85EB913F0000003FA3
:10CD440000010000000100001D121E150F07240041
:10CD5400000100000A0208060001000000000000B3
:10CD6400080609121C000000000000010000000079
:10CD7400102324021D130000000000010000000025
:10CD84001D1A24021D1300000001020202040608F9
:0CCD940000000000010203040001020284
:00000001FF
